abbreviate,v.缩写；缩短；缩写为；简称,33.0,12.0
proliferate,v.迅速繁殖（或增殖）；猛增,2.0,2.0
keen,adj.渴望；热切；热衷于；热情的n.恸哭；(号哭着唱出的)挽歌v.（为死者）恸哭,8.0,1.0
dissipate,v.（使）消散；驱散；消磨（时间、金钱等）,0.0,0.0
untoward,adj.异常的；意外的；不幸的；棘手的,0.0,2.0
blight,v.损害；妨害；贻害n.（农作物等的）疫病；（对局势、生活或环境）有害的事物,0.0,0.0
xenophobia,n.仇外,29.0,8.0
comply,v.遵从；服从；顺从,0.0,0.0
shrink,v.收缩；减少；退缩；畏缩n.精神病学家；心理学家,0.0,0.0
uphold,v.支持；维持（原判）；受理（申诉）,1.0,0.0
consensus,n.一致的意见；共识,0.0,2.0
surplus,n.盈余；顺差；剩余；过剩adj.过剩的；剩余的；多余的,2.0,3.0
malfeasance,n.【法】坏事；(尤指官吏的)非法行为,5.0,1.0
truculent,adj.爱争吵的；粗暴的；好斗的；寻衅的,4.0,3.0
concrete,n.混凝土；水泥；具体物；凝结物v.(使)固结；(使)结合；用混凝土修筑；(在…上)浇注混凝土adj.具体的；实际的；固结成的；图案诗歌的,0.0,2.0
mirth,n.欢乐；欢笑,7.0,1.0
enjoin,v.责令；禁止；命令；嘱咐,2.0,8.0
constraint,n.约束；限制；限定；严管,0.0,0.0
unassailable,adj.无法摧毁的；不可战胜的；不容置疑的,0.0,0.0
audacious,adj.敢于冒险的；大胆的,1.0,0.0
banal,adj.平庸的；平淡乏味的；无关紧要的；陈腐的,0.0,0.0
strident,adj.刺耳的；强硬的；咄咄逼人的,0.0,0.0
plethora,n.过多；过量；过剩,9.0,4.0
voracious,adj.饭量大的；贪吃的；狼吞虎咽的；（对信息、知识）渴求的,0.0,0.0
customary,adj.习俗的；习惯的；（某人）特有的n.风俗志,0.0,1.0
preciosity,n.(措词用句的)过分雕琢；矫揉造作,2.0,9.0
incriminate,v.使负罪；连累,2.0,0.0
inept,adj.缺乏技巧的；无能的；笨拙的,0.0,0.0
tendentious,adj.倾向性的；有偏见的；有争议的,0.0,0.0
speculative,adj.推测的；猜测的；推断的；揣摩的,0.0,1.0
offset,n.【印】胶印；背面蹭脏；【机】偏置(管)；迂回管v.抵消；弥补；补偿adj.胶印的,2.0,0.0
noisome,adj.令人不舒服的；令人不快的；有恶臭的；有害的,4.0,0.0
innate,adj.天生的；内在的；心里的,0.0,1.0
herald,v.预示；是（某事）的前兆；宣称（…是好的或重要的）n.使者；预兆,0.0,0.0
replete,adj.充满；充足；很饱；饱食,3.0,0.0
electorate,n.（一国或一地区的）全体选民,13.0,1.0
pedant,n.书呆子；迂夫子；学究,0.0,2.0
diffident,adj.缺乏自信的；胆怯的；羞怯的,2.0,1.0
hegemony,n.支配权；霸权,3.0,0.0
ideology,n.意识形态；思想意识；思想（体系）；观念形态,1.0,2.0
complaisant,adj.顺从的；殷勤的,0.0,1.0
extemporaneous,adj.不用讲稿的；脱口而出的；临时的,2.0,2.0
ubiquitous,adj.似乎无所不在的；十分普遍的,1.0,1.0
foreshadow,v.预示；是…的预兆,0.0,1.0
pillage,v.掠夺；抢劫；劫掠n.掠夺；掠夺物,1.0,2.0
vituperation,n.辱骂；斥责；责骂,0.0,0.0
ponderous,adj.慢条斯理的；沉闷乏味的；缓慢的；笨拙的,0.0,2.0
context,n.上下文；语境；环境,1.0,0.0
eschew,v.避免,0.0,1.0
objectionable,adj.令人不快的；令人反感的；讨厌的,9.0,7.0
extraneous,adj.没有直接联系的；无关的,0.0,0.0
counterpart,n.职位（或作用）相当的人；对应的事物,1.0,0.0
spur,v.刺激；激励；促进；鞭策n.刺激；激励；鞭策；靴刺,2.0,0.0
partisan,n.游击队员；坚定的支持者；铁杆拥护者adj.（对个别人、团体或思想）过分支持的,1.0,0.0
suspense,n.悬念；焦虑；（对即将发生的事等的）担心；兴奋,0.0,1.0
invigorate,v.使生气勃勃；使精神焕发；使蒸蒸日上；使兴旺发达,2.0,0.0
hodgepodge,n.同“hotch-potch”,4.0,1.0
phlegmatic,adj.冷静的；镇定的；不易冲动的,2.0,0.0
impinge,v.侵犯；对…有明显作用（或影响）；妨碍,0.0,10.0
complementary,adj.互补的；补充的；相互补足的,3.0,0.0
diminution,n.减少；缩减；降低；缩小,1.0,0.0
repercussion,n.反响,1.0,2.0
instructive,adj.富有教益的；增长知识的,0.0,0.0
opprobrium,n.（众人的）谴责,0.0,5.0
pensive,adj.心事重重的；沉思的,1.0,0.0
salacious,adj.淫秽的；色情的,6.0,0.0
propitious,adj.吉利的；吉庆的；吉祥的,0.0,3.0
paltry,adj.可忽略不计的；微小的；微不足道的；无价值的,0.0,0.0
animus,n.敌意；仇恨；愤怒,0.0,3.0
imminent,adj.即将发生的；临近的,0.0,3.0
naive,adj.缺乏经验的；幼稚的；无知的；轻信的,0.0,1.0
intermediary,n.中间人；调解人adj.中间人的；媒介的；中间的,1.0,2.0
digress,v.离题；偏离主题,3.0,5.0
sufficient,adj.足够的；充足的n.足够(的量),4.0,1.0
galvanize,v.激励；刺激；使震惊；使振奋,5.0,0.0
precocious,adj.（能力或行为）早熟的,1.0,3.0
counterintuitive,adj.反常的,0.0,2.0
ineluctable,adj.无可避免的,0.0,1.0
caustic,n.焦散线；刻薄；【物】焦散面；【化】苛性碱adj.腐蚀性的；苛性的；尖酸刻薄的；挖苦的,1.0,0.0
tractable,adj.易处理的；易驾驭的,0.0,0.0
exculpate,v.证明（或宣布）无罪；为（某人）开脱,4.0,1.0
circumstantial,adj.按情况推测的；视情况而定的；间接的,0.0,1.0
malaise,n.（影响某个情况或某群人的）难以捉摸的问题,0.0,1.0
distract,v.转移（注意力）；分散（思想）；使分心,0.0,1.0
esoteric,adj.只有内行才懂的；难领略的n.受秘传的人,0.0,3.0
callous,adj.冷酷无情的；无同情心的；冷漠的v.使硬结；使无感觉；使无情,0.0,3.0
permeate,v.渗透；弥漫；扩散；感染,0.0,2.0
fortuitous,adj.偶然发生的；（尤指）巧合的,0.0,2.0
ulterior,adj.以后的；隐藏的；秘而不宣的,0.0,2.0
mercenary,adj.只为金钱的n.雇佣兵,0.0,1.0
grudge,n.怨恨；积怨；嫌隙v.勉强做；不情愿地给；吝惜；认为…不应得到,0.0,3.0
articulate,v.说；表达；清晰认真地发音；【语言学】形成(声音)adj.明白的；音节分明的；有关节的；有节的,1.0,0.0
obsolete,adj.淘汰的；废弃的；过时的n.废词；被废弃的事物,19.0,17.0
tantamount,"adj.(价值,结果)相等的",0.0,0.0
pedestrian,n.行人；步行者adj.行人使用的；行人的；缺乏想象的；乏味的,1.0,0.0
illustrious,adj.著名的；杰出的；卓越的,1.0,0.0
espouse,v.支持,4.0,6.0
salubrious,adj.环境宜人的；清洁而有益健康的,3.0,2.0
lionize,v.把（某人）视为名人；把（某人）当成要人对待,0.0,0.0
hypothesis,n.假设；（凭空的）猜想,1.0,6.0
dwindle,v.变小,27.0,4.0
elegy,n.挽歌；挽诗；哀歌,2.0,1.0
precarious,adj.不稳的；不确定的；不保险的；危险的,0.0,0.0
trivial,adj.不重要的；琐碎的；微不足道的,2.0,0.0
deteriorate,v.退化；变质；败坏(风俗)；降低(品质等),7.0,9.0
recluse,adj.隐居的；孤寂的n.隐居者；喜欢独处的人,0.0,4.0
waver,v.动摇；颤抖；犹豫不决；减弱n.犹豫；挥动者；波动的东西；做卷发的理发师[美容师],4.0,0.0
verisimilitude,n.貌似真实；逼真,1.0,1.0
proclaim,v.宣告；宣布；表明；声明,33.0,5.0
intangible,adj.难以形容（或理解）的；不易度量的n.不可捉摸的东西,0.0,0.0
dreary,adj.令人沮丧的；沉闷的；枯燥无味的n.可怕的人物,1.0,1.0
elevate,v.提高；提拔；举起；抬起,0.0,0.0
ignorant,adj.（对某事物）不了解的；无知的；愚昧的；无学识的,3.0,6.0
rebuke,v.指责；批评,0.0,1.0
fanfare,n.号角花彩；（为庆祝而在媒体上的）喧耀v.热闹地介绍[宣布],2.0,1.0
utilitarian,n.功利主义者adj.实用的；功利的；实惠的；功利主义的,5.0,0.0
fungible,adj.可代替的；【法】可互换的n.【法】(偿还债务时所用的)代替物,6.0,17.0
mundane,adj.单调的；平凡的,0.0,3.0
contravene,v.违犯,0.0,0.0
intransigent,adj.不妥协的；不愿合作的；不肯让步的n.不妥协的人,14.0,11.0
paragon,n.典范；完人v.〈诗〉比较；强过；〈古〉与…竞争,3.0,1.0
vacuous,adj.空洞的；空洞无物的,0.0,0.0
commonplace,n.老生常谈；常见的事；平常的事；平淡无奇的言语等adj.平凡的；普通的；普遍的v.把…记入备忘录；由备忘录中摘出,0.0,1.0
aggravate,v.使严重；使恶化；（尤指故意地）激怒,0.0,0.0
garner,n.加纳；〈诗〉谷仓；积累物v.获得,0.0,2.0
ostentation,n.卖弄,1.0,0.0
disabuse,v.去掉（某人）的错误想法；使省悟,0.0,0.0
square,n.平方；正方形；四方形；正方形物v.贿赂；使成正方形；使成方形；使成平方adj.正方形的；四方形的；成直角的；方的adv.正对着地；径直地,1.0,0.0
erratic,adj.不规则的；不确定的；不稳定的；不可靠的n.漂砾；漂石,0.0,1.0
imperative,adj.重要紧急的；迫切的；急需处理的；表示权威的n.重要紧急的事；必要的事；祈使语气；祈使语气动词,1.0,4.0
abdicate,v.退(位)；让(位)；辞(职)；【法律】废(嫡),1.0,0.0
frivolous,adj.无谓；轻易；不务正业；轻佻的,0.0,2.0
elite,n.精英；精华；杰出人物,0.0,0.0
probity,n.正直；诚实,0.0,1.0
rudimentary,adj.基础的；基本的；未充分发展的；原始的,0.0,0.0
aesthetic,n.美学；美感；审美观adj.审美的；有审美观点的；美学的；艺术的,0.0,1.0
forestall,v.预先阻止；在（他人）之前行动；先发制人,0.0,1.0
panegyric,n.颂词；颂文,0.0,1.0
hubris,n.傲慢；狂妄,1.0,14.0
assert,v.断言；明确肯定；坚持自己的主张；表现坚定,2.0,1.0
undulate,v.波动；起伏；荡漾adj.波状的,0.0,2.0
devolve,v.移交；移归；流[滚]向下(向前),1.0,0.0
impunity,n.免于惩罚；不受惩处；逃过惩罚,7.0,5.0
scorn,n.轻蔑；不屑一顾；受侮弄[嘲笑]的人；笑柄v.蔑视；看不起；拒绝,0.0,1.0
anodyne,adj.不得罪人的；温和的n.止痛药[剂],1.0,2.0
derivative,n.衍生物；派生词；衍生字；派生物adj.模仿他人的；缺乏独创性的,4.0,0.0
absurd,adj.荒唐；不合理的；荒唐无稽的；荒唐可笑的n.荒诞的事物；悖理的东西,1.0,0.0
balkanize,v.使巴尔干化（将某地区分裂成敌对区域）,4.0,0.0
byzantine,adj.拜占庭帝国的；东罗马帝国的n.拜占廷人；拜占廷风格的画家,7.0,1.0
contumacious,adj.藐视权威的；违抗的；不服从的,0.0,3.0
reiterate,v.反复地说；重申,0.0,4.0
embody,v.体现；包含；收录；包括,0.0,0.0
wane,v.衰落；减弱；缺；亏n.衰退(期)；(木材的)缺损；月亏(期),1.0,1.0
tenet,n.原则；教义；信条,4.0,0.0
windfall,n.意外之财；意外获得的东西；风吹落的果子（尤指苹果）,1.0,1.0
assent,n.同意；赞成v.赞成（要求、想法或建议）,0.0,2.0
revitalize,v.使更强壮；使恢复生机（或健康）,9.0,11.0
brace,n.支架；大括号；箍子；夹子v.（为困难或坏事）使做准备；使防备；使（身体或身体部位）顶住,0.0,2.0
inauspicious,adj.预示前景黯淡的；不祥的；不吉利的,0.0,2.0
affront,n.冒犯；侮辱v.冒犯；侮辱,2.0,1.0
stoic,adj.斯多噶学派的；同“stoical”n.斯多葛派人（对痛苦或困难能默默承受或泰然处之）,0.0,0.0
brook,n.小河；美国俚语；【名】布鲁克v.〈正式〉忍受,0.0,0.0
dispatch,n.派遣；发送；电讯；快信v.派遣；派出；发出；调遣,8.0,4.0
justification,n.正当理由,5.0,3.0
resurgence,n.复苏；复兴,0.0,3.0
panacea,n.万灵药；万能之计,0.0,5.0
suggestive,adj.使人想起…的；引起联想的；性暗示的；性挑逗的,1.0,0.0
misgiving,n.疑虑；顾虑,0.0,3.0
polarize,v.（使）两极化；使（光波等）偏振；使（物体）极化,15.0,3.0
deliberate,v.深思熟虑；仔细考虑；反复思考adj.故意的；蓄意的；存心的；不慌不忙的,0.0,0.0
didactic,adj.道德说教的；教诲的；教导的；说教似的,0.0,3.0
temerity,n.鲁莽；冒失；蛮勇,0.0,2.0
serendipity,n.意外发现珍品的运气或本领；意外新发现,0.0,2.0
alarmist,adj.危言耸听的；骇人的n.危言耸听者；慌报情况夸大事实者,3.0,0.0
flamboyant,adj.炫耀的；卖弄的；艳丽的；绚丽夺目的n.火焰色红花,2.0,1.0
demarcate,v.标出…的界线；给…划界,0.0,6.0
vitiate,v.使失效；削弱效用,0.0,10.0
caprice,n.反复无常；善变；任性,22.0,19.0
attrition,n.消耗；自然减员,0.0,4.0
ascribe,v.把…归因于；认为…归于；把…归于；说是(某人)所…,1.0,4.0
covert,adj.秘密的；隐蔽的；暗中的n.（动物可藏身的）矮树丛,4.0,1.0
compound,v.合成；加重；构成；使…复杂化adj.混合；混合的；复合物合成的；〔医〕哆开性n.大院；混合物；合成物；合成词,0.0,1.0
slippery,adj.滑的；滑得抓不住（或站不稳、难以行走）的；油滑的；滑头滑脑的,2.0,5.0
provenance,n.起源；出处；原产地；发源地,0.0,2.0
empirical,adj.凭经验的,3.0,0.0
intelligible,adj.易懂的；容易理解的,0.0,0.0
intimate,n.知己；密友；至交v.暗示；透露；（间接）表示adj.亲密的；密切的；个人隐私的（常指性方面的）；宜于密切关系的,3.0,0.0
demise,n.死亡；逝世；终止；失败v.遗赠；逊(位),0.0,0.0
inert,adj.无活动能力的；无行动力的；惰性的；不活泼的,0.0,5.0
unimpeachable,adj.不容置疑的；无可指摘的；无可怀疑的,0.0,2.0
expunge,v.抹去；除去；删去,4.0,2.0
inviolable,adj.不容亵渎的；不可侵犯的；不容破坏的,1.0,2.0
affable,adj.和蔼可亲的；平易近人的,0.0,6.0
oscillate,v.振动；振荡；摆动；（情感或行为）摇摆,1.0,2.0
morose,adj.阴郁的；脾气不好的；闷闷不乐的,0.0,4.0
allude,v.暗指；(婉转)提到；指…说,0.0,1.0
vilify,v.诋毁；诽谤；污蔑；中伤,0.0,0.0
entrench,v.根深蒂固；以壕沟防护；挖掘壕沟；侵犯,1.0,4.0
slant,n.倾斜；斜面；歪斜；斜线v.歪斜；有倾向性地陈述；有偏向地报道adj.歪斜的,0.0,2.0
paradox,n.悖论；矛盾的人（或事物、情况）；似非而是的隽语；悖论修辞,4.0,0.0
retribution,n.报应；惩罚；报复,0.0,1.0
cumbersome,adj.大而笨重的；难以携带的；缓慢复杂的；冗长的,0.0,0.0
exploit,v.开发；利用；开拓；开采n.英勇（或激动人心、引人注目）的行为,2.0,0.0
implausible,adj.似乎不合情理的；不像真实的,9.0,15.0
amalgam,n.混合物；综合体；汞齐（尤用于补牙）,0.0,3.0
chivalrous,n.(像)骑士的；豪侠的；骑士制度的；敬重女人的adj.殷勤的,10.0,4.0
villainous,adj.邪恶的；可憎的,0.0,1.0
nostalgia,n.怀旧；念旧,3.0,0.0
uncanny,adj.异常的；难以解释的,0.0,0.0
condemn,v.指责；宣判；判处（某人某种刑罚）；迫使…接受困境（或不愉快的状况）,0.0,0.0
oblivious,adj.不知道；未注意；未察觉,1.0,4.0
canny,adj.（尤指在商业或政治方面）精明谨慎的,14.0,4.0
incontrovertible,adj.无可争辩的；不能否认的；无可置疑的,1.0,4.0
prosaic,adj.平庸的；没有诗意（或美感）的；平淡的；乏味的,0.0,3.0
omnipresent,adj.无所不在的；遍及各处的,0.0,2.0
arcane,adj.神秘的；晦涩难懂的,1.0,1.0
substantiate,v.证实；证明,0.0,0.0
forerunner,n.先行者；先驱；预兆；前兆,1.0,0.0
alienate,v.离间；使疏远；使不友好；使（与某群体）格格不入,0.0,0.0
disregard,v.漠视；不理会；不顾n.漠视；忽视,0.0,2.0
contrive,v.（不顾困难而）设法做到；（克服困难）促成某事；巧妙地策划,0.0,0.0
tenure,"n.任期；(土地,资产等)保有权；终身教席",0.0,1.0
paradigm,n.范例；〈正式〉模型；〈正式〉模范；【语】词形变化表,1.0,3.0
impede,v.阻碍；阻止,0.0,4.0
misnomer,n.使用不恰当（或不准确）的名称；用词不当,0.0,1.0
restraint,n.约束；抑制；克制；限制,2.0,4.0
coherent,adj.合乎逻辑的；有条理的；清楚易懂的；有表达能力的,1.0,1.0
austere,adj.朴素的；简陋的；无华饰的；严肃的,0.0,0.0
formulaic,adj.由固定套话堆砌的；公式化构思的,0.0,3.0
exactitude,n.准确性；精确性；严密性,0.0,0.0
neophyte,n.新手；初学者；生手；刚接受新宗教信仰的人,1.0,0.0
console,v.安慰；抚慰；慰藉n.操纵台,1.0,1.0
adulation,n.奉承；称赞；吹捧,2.0,6.0
peremptory,adj.强硬的；强制的；不容分辩的,0.0,1.0
reparable,adj.可修补的；可赔偿的；应由(某人)修理[赔偿]的,0.0,2.0
presage,n.预示；前兆；预感；先见(之明)v.预言（尤指不祥之事）,0.0,1.0
unremitting,adj.不停的；不懈的；持续不断的,0.0,1.0
bemoan,v.哀怨；悲叹,1.0,0.0
underscore,n.下划线v.强调；在…下面划线,1.0,2.0
jubilant,adj.喜气洋洋的；欢欣鼓舞的；欢呼雀跃的,0.0,1.0
renounce,v.声明放弃；宣布放弃；宣布与…决裂；宣布摒弃,0.0,2.0
verbose,adj.冗长的；啰嗦的；唠叨的,11.0,2.0
rapacious,adj.贪婪的；贪欲的；强取的,0.0,2.0
calamity,n.灾难；灾祸,1.0,1.0
confound,v.使困惑惊讶；使惊疑；证明…有错；战胜（敌人）,0.0,0.0
replicate,v.复制；（精确地）仿制；再造；再生adj.【植】折转的n.【统】重复实验中的一次,0.0,1.0
cogent,adj.有说服力的；令人信服的,0.0,1.0
supplement,v.补充；增补n.补遗；增补（物）；补充（物）；添加物,1.0,2.0
rebound,v.反弹；回升；弹回；报应n.复兴；反弹球；回弹球；抢篮板球,0.0,0.0
retrench,v.紧缩开支；节约；缩减（人员）,1.0,1.0
buttress,n.支墩；扶壁v.支持；给…以力量,0.0,2.0
nullify,v.使失去法律效力；废止；使无效；抵消,0.0,1.0
inflate,v.膨胀；使充气；鼓吹；吹捧,1.0,0.0
dismissive,adj.轻蔑的；鄙视的,0.0,0.0
rehabilitate,v.修复；使（重病患者）康复；使（长期服刑者）恢复正常生活,0.0,3.0
engross,v.使全神贯注；占去（某人的）全部注意力和时间,5.0,8.0
hierarchy,n.层次体系；等级制度（尤指社会或组织）；统治集团,2.0,0.0
appropriate,v.拨款；剽窃；挪用；〈正式〉非法占有adj.恰当的,1.0,2.0
genuine,adj.真的；名副其实的；真诚的；诚实的,0.0,1.0
coronation,n.加冕；加冕典礼,0.0,0.0
coup,n.政变；努力办到难办的事,0.0,0.0
astrology,n.占星术；占星学,1.0,1.0
abrogate,v.废除,0.0,8.0
upend,v.翻倒；倒放；使颠倒,0.0,1.0
overblown,adj.过分的；夸张的；虚饰过度的；残败的v.“overblow”的过去分词,0.0,1.0
rectitude,n.公正；正直；诚实,0.0,3.0
moribund,adj.行将灭亡的；即将倒闭的；濒于崩溃的；垂死的n.将死的人,0.0,5.0
diatribe,n.（无休止的）指责；（长篇）抨击,0.0,0.0
fad,n.一时的风尚；短暂的狂热abbr.(=flavin adenine dinucleotide)【生化】黄素腺嘌呤二核苷酸,0.0,2.0
inhibit,v.抑制；阻止；阻碍；使拘束,0.0,1.0
precipitate,n.沉淀物；析出物adj.鲁莽的；草率的；仓促的v.使…突然降临；加速（坏事的发生）；使突然陷入（某种状态）,1.0,1.0
artifice,n.诡计；奸计,3.0,1.0
immaterial,adj.无关紧要；不重要；无形体的；非物质的,4.0,0.0
expansive,adj.广阔的；辽阔的；浩瀚的；广泛的,2.0,0.0
sinister,adj.邪恶的；险恶的；不祥的；有凶兆的,0.0,3.0
prefigure,v.预示；预兆,34.0,5.0
encompass,v.包含；包围；围绕；围住,0.0,3.0
imprudent,adj.不明智的；不谨慎的,0.0,2.0
pliable,adj.易弯曲的；柔韧的；易受影响的；可塑的,0.0,1.0
amenable,adj.顺从的；顺服的；可用某种方式处理的,0.0,1.0
melancholy,n.〈文学〉忧愁adj.〈文学〉忧郁的,1.0,0.0
rhapsody,n.狂想曲；（言语或文字的）狂热表达,0.0,3.0
futile,adj.徒然的；徒劳的；无效的,0.0,0.0
query,n.询问；疑问；问号v.询问；怀疑；表示疑虑,34.0,2.0
prototype,n.原型；雏形；最初形态,3.0,0.0
exorbitant,adj.过高的；高得离谱的,2.0,0.0
intermittent,adj.断断续续的；间歇的n.【医】同“intermittent fever”,0.0,2.0
ameliorate,v.改进；改善；改良,0.0,0.0
deviate,v.偏离；背离；违背adj.脱离常轨的n.脱离常轨的人,0.0,1.0
annexation,n.合并；附加；吞并物,0.0,0.0
accolade,n.荣誉；赞扬；表扬；奖励,0.0,5.0
prodigy,n.奇才；壮举,2.0,1.0
prejudice,n.偏见；成见v.损害；使怀有（或产生）偏见；有损于,6.0,1.0
stem,"n.（花草的）茎；柄；（高脚酒杯的）脚；烟斗柄adj.有茎[梗]的；装有小柄的；去掉茎(或梗)的；去掉茎[梗,柄]的v.阻止；封堵；遏止abbr.(=Scanning transmission electron microscope)扫描透射式电子显微镜",4.0,1.0
evanescent,adj.瞬息即逝的；迅速遗忘的,0.0,3.0
loon,n.潜鸟（北美食鱼大鸟，叫声似笑声）v.闲荡,0.0,3.0
pompous,adj.虚华的；言辞浮夸的,0.0,4.0
arbitrary,adj.任意的；武断的；随心所欲的；专横的,0.0,3.0
atypical,adj.非典型的,1.0,0.0
implement,v.实施；执行；贯彻；使生效n.工具,7.0,1.0
ancillary,adj.辅助的；补充的；附属的；附加的n.〈英〉助手,0.0,4.0
respite,n.喘息；暂停；暂缓；短暂的延缓v.缓期执行(死刑)；使缓和一下；【军】停付(军人)薪饷；停付(薪金),0.0,1.0
veneer,n.饰面薄板；虚假的外表；虚饰v.覆盖,8.0,12.0
impecunious,adj.贫穷的；不名一文的,0.0,0.0
agreeable,adj.愉悦的；讨人喜欢的；宜人的；欣然同意,0.0,0.0
ramble,v.漫谈；漫游；闲聊；瞎扯n.漫步；散步；杂乱无章的长篇大论,0.0,0.0
elaborate,v.精心制作；详尽阐述；详细描述；详细制订adj.复杂的；详尽的；精心制作的,0.0,0.0
increment,n.增量；定期的加薪；增加,29.0,6.0
disavow,v.否认；不承认；拒绝对…承担责任,11.0,9.0
stance,n.立场；（尤指体育运动中的）站立姿势,0.0,3.0
hortatory,adj.劝告的；忠告的；激励的；鼓励性的,0.0,19.0
sate,v.满足（欲望）,0.0,2.0
antecedent,n.先行词；前事；前情；祖先adj.先前的,3.0,3.0
sentiment,n.情绪；看法；柔情,4.0,1.0
garble,"v.断章取义；无意中歪曲[混淆](事实,意思等)；筛选",2.0,14.0
assuage,v.减轻（不快）,0.0,2.0
impetuous,adj.鲁莽的；冲动的；轻率的,0.0,7.0
prescience,n.预知,0.0,2.0
archetype,n.典型,3.0,1.0
involuntary,adj.无意识的；不自觉的；非自愿的；非本意的,1.0,1.0
grandstand,n.大看台v.〈口〉为博取观众喝采而卖弄技巧,0.0,1.0
vex,v.使恼火；使烦恼；使忧虑,0.0,4.0
expedient,adj.权宜之计；得当；可取；合宜n.权宜之计；应急办法,0.0,2.0
forgo,v.弃绝（想做的事或想得之物）,0.0,0.0
odds,n.可能性；胜算；不和；不平等(的东西),3.0,2.0
delude,v.欺骗；哄骗,1.0,1.0
sparse,adj.稀少的；稀疏的；零落的,2.0,1.0
dispense,v.分配；分发；提供（尤指服务）；配（药）,0.0,6.0
nondescript,adj.无特征的；平庸的；毫无个性的n.不三不四的,3.0,6.0
appease,v.安抚；抚慰；绥靖（满足另一国的要求以避免战争）,0.0,2.0
adverse,adj.不利的；有害的；反面的,0.0,1.0
enviable,adj.令人羡慕的；引起忌妒的,0.0,0.0
cavalier,n.骑士；(某种)勋章获得者；骑士风度的男子adj.漫不经心的；不在乎的v.(对女子)有骑士风度的；态度傲慢,4.0,1.0
clumsy,adj.笨拙的；不灵巧的；无技巧的；冒犯人的,4.0,0.0
sensationalism,n.（指行文或报道）耸人听闻,3.0,7.0
amorphous,adj.无固定形状的；不规则的；无组织的,0.0,0.0
construe,n.解释；【语】语法分析；分析练习句；直译v.理解；领会,0.0,1.0
volatile,adj.易变的；无定性的；无常性的；可能急剧波动的,0.0,5.0
capacious,adj.容量大的；容积大的；宽敞的,0.0,1.0
corroborate,v.证实；使(信仰等)坚定；使加强,0.0,2.0
rife,adj.普遍；充斥,0.0,3.0
cunning,n.狡猾；诡诈；狡黠adj.狡猾的；奸诈的；诡诈的；灵巧的,1.0,3.0
pugnacious,adj.爱争执的；好斗的；爱滋事的,0.0,2.0
resurrect,v.重新应用；恢复使用；使复兴；起死回生,4.0,7.0
remunerative,adj.报酬丰厚的,0.0,2.0
epitomize,v.成为…的典范（或典型）,0.0,2.0
metaphor,n.隐喻；暗喻,4.0,0.0
monogamy,n.一夫一妻（制）；单配偶；单配性,0.0,2.0
broach,n.拉刀；【机】三角锥；钻头；扩孔器v.引入（尤指令人尴尬或有异议的话题）,0.0,0.0
bewilder,v.使迷惑；使糊涂,0.0,0.0
fusty,adj.腐臭的；霉湿味的；过时的；守旧的,0.0,1.0
intricate,adj.错综复杂的,0.0,1.0
conundrum,n.令人迷惑的难题；复杂难解的问题；谜语,1.0,10.0
foster,v.培养；促进；鼓励；助长n.福斯特；【姓氏】福斯特；【男名】男子名adj.与某些代养有关的名词连用,1.0,0.0
excoriate,v.擦伤；严厉指责；痛斥,0.0,3.0
facet,n.方面；（宝石的）小平面,0.0,2.0
ingenuous,adj.单纯的；天真的,0.0,0.0
conviction,n.定罪；坚信；深信；判罪,0.0,2.0
monolithic,adj.庞大的；巨石的；整体(式)的；铁板一块的,0.0,1.0
acquiesce,v.默认；默许；默然接受；顺从,0.0,5.0
truism,n.老生常谈；不言而喻的道理；自明之理,0.0,1.0
scandalous,adj.可耻的；不可原谅的；讲述丑闻的,0.0,1.0
axiom,n.公理,0.0,0.0
dissent,n.异议；不同意见v.（对官方意见）不同意,2.0,7.0
undergird,v.(用绳索等)从底层捆牢[加固]；对…给予支持[提供雄厚基础],3.0,10.0
mawkish,adj.无病呻吟的；自作多情的；多愁善感的,0.0,1.0
dichotomy,n.一分为二；二分法,0.0,1.0
ironic,adj.反语的；讽刺的；（因出乎意料而）奇怪的,1.0,0.0
dire,adj.极其严重的；危急的；极糟的；极差的,0.0,1.0
feasible,adj.可行的；行得通的,3.0,0.0
diligence,n.勤奋；勤勉；用功,15.0,2.0
upbeat,n.向上的趋势；向上摆动；【乐】弱拍；(指挥棒)向上挥舞(以示弱拍)adj.乐观的；快乐的；积极向上的,0.0,3.0
caricature,n.人物漫画；夸张的描述；漫画艺术；漫画手法v.把…画成漫画；滑稽地描述,8.0,5.0
heretofore,adv.在这之前,0.0,2.0
robust,adj.强健的；强壮的；结实的；耐用的,1.0,0.0
disgorge,v.大量涌出；倾泄出；（从交通工具、建筑物里）涌出,0.0,3.0
fastidious,adj.一丝不苟的；严谨的；讲究整洁的；有洁癖的,0.0,2.0
spontaneous,adj.自发的；非筹划安排的；常心血来潮的；自然的,1.0,0.0
impair,v.损害；削弱,0.0,7.0
lacuna,n.空白,0.0,6.0
transgress,v.越轨；违背（道德）；违犯（法律）,1.0,1.0
grind,v.碾碎；磨碎；把…磨成粉；磨（粉）n.令人疲劳（或厌倦）的工作；苦差事；刺耳的摩擦声,0.0,2.0
coterie,n.（志趣相同、合伙做事而排外的）小圈子,0.0,1.0
bombast,n.华而不实的言辞；大话adj.夸大的,0.0,0.0
abet,v.支持；教唆；唆使；助长,0.0,3.0
abashed,adj.羞愧的；困窘的；不安的v.abash的过去式和过去分词形式,0.0,2.0
prevaricate,v.支吾搪塞；闪烁其词；吞吞吐吐,0.0,2.0
fathom,v.理解；彻底了解；弄清真相n.英寻（测量水深单位，合 6 英尺或 1.8 米）,7.0,3.0
inquisitive,adj.过分打听他人私事的；好学的；好奇的；兴趣广泛的n.好询问的人,0.0,1.0
nimble,adj.敏捷的；灵活的；灵巧的；机灵的,0.0,1.0
foresight,n.先见之明；深谋远虑,0.0,1.0
despotic,adj.专横的,8.0,2.0
affluent,adj.富裕的n.支流,1.0,1.0
validate,v.确认；证实；批准；确证,12.0,2.0
condescend,v.屈尊；俯就；（对某人）表现出优越感,0.0,2.0
impervious,adj.不受影响的；不能渗透的；不透气的；不透水的,3.0,17.0
manipulate,v.操纵；使用；正骨；治疗脱臼,5.0,4.0
brazen,"adj.厚颜无耻的；黄铜制的；黄铜色的v.厚着脸皮干 (out, through)",3.0,1.0
obsess,v.使痴迷；使迷恋；使着迷；唠叨,1.0,3.0
deplete,v.耗尽；大量减少；使枯竭,0.0,0.0
inclement,adj.恶劣的（指寒冷的、潮湿的等）,0.0,1.0
commensurate,adj.（在大小、重要性、质量等方面）相称的,0.0,0.0
assiduous,adj.兢兢业业的；勤勤恳恳的,0.0,1.0
methodical,adj.有条理的；有条不紊的；办事有条不紊的,0.0,0.0
attribute,n.属性；象征v.把…归因于；认为…属于；认为某人(某物)具有某种特性,7.0,1.0
downplay,v.对…轻描淡写；使轻视；贬低,0.0,3.0
perfunctory,adj.敷衍的；例行公事般的；潦草的,0.0,1.0
decry,v.（公开）谴责；（强烈）批评,0.0,0.0
lugubrious,adj.阴郁的；悲伤的,0.0,6.0
heartfelt,adj.衷心的；真诚的,0.0,4.0
jarring,n.缸；坛子；（玻璃）罐子；广口瓶v.受震动而疼痛；（对…）产生不快的影响；使烦躁；（与…）不协调,1.0,9.0
flippant,adj.轻率的,0.0,4.0
fractious,adj.暴躁的；易怒的；动辄烦躁的；捣乱的,0.0,5.0
seamy,adj.污秽的；肮脏丑恶的,4.0,2.0
ebullient,adj.充满自信的；精力充沛的；热情洋溢的,0.0,0.0
requisite,adj.必需的；必备的；必不可少的n.必需的事物,31.0,7.0
mercurial,adj.多变的；变幻莫测的；活泼的；机智的n.汞制剂,1.0,0.0
defy,v.蔑视；违抗；反抗；无法（相信、解释、描绘等）,0.0,1.0
protracted,adj.拖沓的,0.0,2.0
obstinate,adj.执拗的；固执的；顽固的；棘手的,0.0,6.0
enervate,adj.同“enervated”v.使感到衰弱（或虚弱、无力）,0.0,0.0
sordid,adj.卑鄙的；丑恶的；无耻的；肮脏的,0.0,1.0
hedonism,n.【哲】享乐主义,0.0,0.0
divulge,v.泄露,0.0,2.0
enamored,adj.〈正式〉迷恋的；爱上…的,0.0,8.0
revelation,n.披露；揭露；被暴露的真相；被曝光的秘闻adj.暴露的；显示的；启示的；意外发现的,0.0,0.0
vestige,n.遗迹；残留部分；（通常用于否定句）丝毫,1.0,1.0
tautology,n.同义反复；赘述,5.0,9.0
attenuate,adj.稀薄的；细的；减弱的；【植】渐尖的v.使减弱；使降低效力,0.0,1.0
surreptitious,adj.秘密的；趁人不注意赶紧进行的,0.0,7.0
irritate,v.使烦恼（尤指不断重复的事情）；刺激（皮肤或身体部位）,1.0,0.0
averse,adj.不喜欢的；反对的；不想做的,0.0,0.0
hedge,n.树篱；防止损失（尤指金钱）的手段v.避免正面回答；不直接许诺；拐弯抹角；在（田地等周围）植树篱adj.树篱的；名声不好的；低劣的,1.0,0.0
scrupulous,adj.仔细的；细致的；一丝不苟的；审慎正直的,0.0,3.0
rescind,v.撤销；废除；取消,0.0,5.0
ramification,n.（众多复杂而又难以预料的）结果,0.0,2.0
antidote,n.解毒药；解毒剂；消除不快的事物；矫正方法,2.0,1.0
paraphrase,n.释义；解释；意译v.释义,2.0,0.0
generic,adj.一般的；普通的；通用的；无厂家商标的n.同“a generic drug”,4.0,1.0
catastrophic,adj.大突变(灾难)的；悲惨结局的,5.0,1.0
acerbic,adj.尖酸的；尖刻的,3.0,1.0
tonic,n.补药；滋补品；汤力水（一种味微苦、常加于烈性酒中的有气饮料）adj.滋补的；使精神振作的；【乐】主音的；【医】强直的,0.0,0.0
imperturbable,adj.冷静的；沉着的,0.0,4.0
innocuous,adj.无恶意的；无意冒犯的；无害的；无危险的,1.0,7.0
dampen,v.抑制；弄湿；使潮湿,3.0,5.0
shun,v.避开；避免；回避,5.0,4.0
adroit,adj.机敏的,0.0,6.0
waive,v.放弃（权利、要求等）,2.0,0.0
discreet,adj.（言行）谨慎的；考虑周到的,0.0,3.0
disparage,v.贬低；轻视,1.0,10.0
fleet,n.舰队；车队；海军；捕鱼船队adv.浅v.掠过；【航】(船员)变换位置；消磨(时间)；【航】变换(位置)adj.跑得快的；快速的,2.0,1.0
impugn,v.对…表示怀疑；置疑,0.0,0.0
consequential,adj.随之而来的；相应发生的；作为结果的；重要的,1.0,1.0
benevolent,adj.慈善的；行善的；乐善好施的；用于慈善机构名称,0.0,1.0
meager,"adj.(人,动物等)瘦的；(土地)不毛的；贫弱的；思想贫乏的",0.0,1.0
ungainly,adj.笨手笨脚的；（举止）不雅观的,0.0,6.0
defer,v.推迟；延缓；展期,2.0,5.0
resourceful,adj.机敏的；足智多谋的；随机应变的,6.0,0.0
escalate,v.不断恶化,0.0,3.0
acquittal,n.宣告无罪；无罪的判决,0.0,2.0
loquacious,adj.话多的；健谈的；喋喋不休的,1.0,2.0
enterprise,n.企业；事业；公司；企业经营,14.0,1.0
stratified,v.分层的；社会分层；种子分选,74.0,2.0
obtrude,v.强行闯入；搅扰,0.0,5.0
temper,n.脾气；情绪；心情；性情v.使缓和；使温和；使（金属）回火,1.0,1.0
deplore,v.公开谴责；强烈反对,4.0,5.0
detach,v.脱离；拆卸；离开；挣脱,2.0,1.0
perishable,adj.易腐烂的；易变质的n.易腐败的东西,0.0,3.0
lurid,adj.俗艳的；花哨的；（故意地）骇人听闻的,0.0,0.0
acute,adj.十分严重的；（疾病）急性的；灵敏的；敏锐的,0.0,0.0
doodle,n.涂鸦v.信手涂鸦,3.0,0.0
celerity,n.敏捷；〈书〉(行动的)迅速,0.0,2.0
mock,v.嘲笑；（模仿）嘲弄；不尊重；蔑视adj.虚假的；不诚实的；模仿的；模拟的n.（英国）模拟考试,1.0,0.0
corollary,n.必然的结果（或结论）,0.0,2.0
embellish,v.美化；装饰；布置；对…加以渲染（或发挥）,0.0,0.0
counterproductive,adj.事与愿违；产生相反效果；适得其反,0.0,0.0
insular,adj.只关心本国利益的；思想褊狭的；保守的；海岛的,1.0,1.0
convulsion,n.抽搐；痉挛；动乱；骚动,5.0,5.0
precursor,n.先驱；先锋；前身,0.0,1.0
base,n.根基；基底；底座；根据adj.卑鄙的；不道德的v.以…为据点（或大本营等）；把（总部等）设在,1.0,0.0
adjunct,n.附件；附加语；修饰成分；附属物adj.附属的 (to； of),0.0,0.0
incisive,adj.锐利的；透彻的；果断的；当机立断的,1.0,1.0
hyperbole,n.夸张,0.0,5.0
comity,n.礼貌,0.0,2.0
regress,n.回归；退化；【天】同“regression”；【法】复归(权)v.回归；倒退；退化,0.0,1.0
disguise,v.伪装；掩饰；假扮；装扮n.伪装；假扮；装扮；伪装物,0.0,1.0
countenance,n.面容；脸色；面部表情v.支持；赞成；同意,0.0,4.0
platitude,n.陈词滥调；老生常谈,0.0,1.0
insouciant,adj.漫不经心的,0.0,1.0
ingenious,adj.精巧的；有创意的；机智的；有心计的,0.0,0.0
amplify,v.放大；阐发,0.0,0.0
nascent,adj.新生的；萌芽的；未成熟的,0.0,2.0
hazard,n.危害；危险v.试着提出；大胆猜测；冒…的风险；使处于危险中,2.0,2.0
feckless,adj.品格差的；不负责任的,0.0,4.0
abstruse,adj.难解的；深奥的,0.0,1.0
lenient,adj.仁慈的,80.0,4.0
sober,adj.未醉；持重的；冷静的；素净的v.变得冷静,2.0,1.0
hackneyed,adj.陈腐的,0.0,0.0
ritual,n.习惯；程序；仪规；礼节adj.仪式上的；庆典的；习惯的；老套的,3.0,1.0
misrepresent,v.误传；不实报道；歪曲,1.0,1.0
desolate,adj.无人居住的；荒无人烟的；荒凉的；孤独凄凉的v.使感到悲惨；使感到凄凉；使悲伤绝望,0.0,4.0
monotonous,adj.单调乏味的,0.0,4.0
apprehend,v.理解；逮捕；拘押；认识到,0.0,0.0
succinct,adj.简明的；言简意赅的,0.0,1.0
myriad,n.无数；大量adj.无数的；众多方面的,0.0,1.0
eulogy,n.颂词；颂文；（颂扬死者的）悼辞,1.0,0.0
endemic,n.地方病；某地特产的植物[动物]adj.地方性的；（某地或某集体中）特有的,0.0,0.0
exasperate,v.激怒；使烦恼；使恼怒adj.被激怒的；【生】具硬突起的,0.0,0.0
preoccupation,n.全神贯注；盘算；思虑；长久思考的事情,1.0,4.0
treacherous,adj.不可信任的；背叛的；奸诈的；有潜在危险的,0.0,2.0
knack,n.本领；技能；习惯；癖好,0.0,0.0
contain,v.包含；含有；控制；容纳,0.0,0.0
transcend,v.超出,4.0,2.0
officious,adj.爱指手画脚的；爱发号施令的,1.0,0.0
resilient,adj.可迅速恢复的；有适应力的；有弹性（或弹力）的；能复原的,0.0,2.0
nepotism,n.裙带关系；任人唯亲,0.0,0.0
competence,n.能力；胜任；技能；（法庭、机构或人的）权限,0.0,1.0
incendiary,adj.放火的；纵火的；能引起燃烧的；煽动的n.燃烧弹,0.0,1.0
fervid,adj.情感异常强烈的；激昂的；充满激情的,0.0,4.0
jeopardize,v.危害；危及；冒…的危险；损害,0.0,3.0
redundancy,n.多余；解雇；累赘,2.0,2.0
coterminous,adj.享有共同边界；毗连；接壤；几乎一致,0.0,0.0
glut,n.供应过剩；供过于求v.超量供应；充斥,0.0,1.0
irascible,adj.易怒的；暴躁的,0.0,1.0
idiosyncrasy,n.（个人特有的）习性；特征；癖好,0.0,0.0
singularity,n.奇特；异常；奇怪,18.0,0.0
albeit,conj.尽管；虽然,1.0,0.0
surmount,v.克服；解决；处于（某物）上面；置于（某物）顶端,0.0,1.0
tentative,n.试探；尝试；实验adj.实验性的；不确定的；尝试的；没有把握的,1.0,0.0
mendacious,adj.撒谎的；不真实的；捏造的,0.0,1.0
superfluous,adj.过剩的；过多的；多余的,0.0,4.0
colloquial,adj.会话的；口语的,0.0,0.0
inclusive,adj.包含全部费用的；包括所提到的费用在内的,0.0,2.0
perspicacious,adj.敏锐的；有洞察力的；精辟的,0.0,2.0
propriety,n.礼节；得体的举止；有分寸的行为；行为规范,1.0,0.0
finicky,adj.（对衣食等）过分讲究的；需认真仔细对待的；需要注意细节的,0.0,2.0
authentic,adj.真正的；真品的；真迹的；真实的,1.0,3.0
autonomous,adj.自治的；有自治权的；自主的；有自主权的,1.0,1.0
plagiarism,n.剽窃；抄袭；剽窃作品,0.0,1.0
eclectic,adj.不拘一格的；兼收并蓄的n.折衷主义者,0.0,2.0
sidestep,n.台阶；横步；〔体〕横步；侧跨步v.回避；横跨一步躲过；侧移一步闪过,0.0,2.0
onerous,adj.费力的；艰巨的；令人焦虑的,1.0,3.0
aggrandizement,n.强化；〈正式〉扩张；扩充,3.0,0.0
incubate,v.孵化；孵（卵）；培养（细胞、细菌等）；有（传染病在体内）潜伏,0.0,1.0
disperse,v.驱散；散开；传播；疏散adj.分散的；【物】弥散的,0.0,0.0
accede,v.同意（请求、建议等）；就任；就职；（尤指君主）即位,0.0,2.0
circumvent,v.规避；设法回避；绕过；绕行,0.0,1.0
nadir,n.最糟糕的时刻；最低点,0.0,2.0
outrage,n.愤怒；愤慨；暴行；义愤v.激怒；使震怒,4.0,0.0
indebted,adj.感激的；蒙恩的；负债的,4.0,2.0
contradictory,adj.相互矛盾的；对立的；不一致的n.对立的一方；【逻】正反对(命题),26.0,9.0
tawdry,adj.俗丽而不值钱的；俗气的；花里胡哨的；粗俗的n.价廉而花哨的东西,0.0,1.0
chicanery,n.欺诈；诈骗；欺骗,0.0,3.0
elision,n.省音,0.0,2.0
mournful,adj.忧伤的；悲痛的,1.0,1.0
apocalyptic,adj.描述（历史）大动乱的；预示（未来）大灾变的；似末世的；像世界末日的,1.0,0.0
commence,v.开始；开始发生；着手,0.0,5.0
bulwark,n.堡垒；防御者（指人或事物）；防御工事；（船的）舷墙v.防御；用堡垒防护,0.0,3.0
equanimity,n.沉着,0.0,0.0
voluble,adj.健谈的；滔滔不绝的；流利的；明快的,0.0,3.0
impartial,adj.公正的；不偏不倚的；中立的,0.0,0.0
cursory,adj.粗略的；仓促的,0.0,4.0
solicitous,adj.操心的；关怀的；关切的,0.0,5.0
ambivalent,adj.（忧喜参半、好坏参半等）矛盾情绪的n.两性人,1.0,7.0
augment,v.增加；增强；扩大；充填n.增加,1.0,1.0
exiguous,adj.微小的；稀少的；不够的,0.0,1.0
hybrid,n.杂种；杂种动物；杂交植物；（不同事物的）混合物adj.杂种的；混合的；混合语的,3.0,1.0
engender,v.产生,0.0,7.0
discredit,n.丢脸；名誉丧失；信誉丧失v.败坏…的名声；使丧失信誉；使丢脸；使不相信,3.0,0.0
haphazard,n.偶然性；任意性adj.随意的；随便的；无计划的；任意的adv.随意地；无计划地；杂乱无章地,1.0,3.0
consolidate,v.合并；使加强；使巩固,0.0,1.0
beguile,v.哄骗（某人做某事）；诱骗；吸引（某人）；使感兴趣,5.0,5.0
cyclical,adj.周期的；循环的；【化】环状的；【植】轮列的,5.0,2.0
paucity,n.少量；少许；贫乏,2.0,15.0
resolution,n.解决；分辨；解析；决议,4.0,0.0
tout,v.兜售；吹捧；推销；标榜n.（音乐会、体育比赛等的）倒卖门票的人,0.0,2.0
abnegate,v.放弃(权利等)；克制,0.0,1.0
encrypt,v.把…加密（或编码）,0.0,1.0
cede,v.割让；让给；转让,0.0,0.0
anonymous,adj.不知姓名的；名字不公开的；匿名的；不具名的,2.0,1.0
pastiche,n.刻意模仿的文艺作品；模仿作品；集锦；模仿艺术,0.0,8.0
artificial,adj.人工的；人造的；假的；人为的n.人造肥料；〈美〉假花,2.0,1.0
regal,adj.帝王的；王室的；豪华的n.(16世纪可携带搬动的)小风琴,0.0,0.0
denouement,n.收场；（事情的）结果,1.0,2.0
turbulent,adj.动荡的；动乱的；骚动的；混乱的,1.0,4.0
negate,v.否定；否认；取消；使无效,0.0,3.0
infer,v.推断；推论；暗示；推理,1.0,0.0
timorous,adj.〈正式〉胆小的,0.0,2.0
spurious,adj.虚假的；伪造的；建立在错误的观念（或思想方法）之上的；谬误的,0.0,2.0
flout,n.嘲笑；表示轻蔑的言行v.无视（法律等）,0.0,0.0
adjure,v.要求；命令,1.0,0.0
concede,v.让步；允许；承认（某事属实、合乎逻辑等）；承认（比赛、选举等失败）,0.0,0.0
extravagance,n.奢侈；铺张浪费；挥霍；奢侈品,1.0,3.0
mitigate,v.减轻；缓解；缓和；平息,4.0,2.0
prolix,adj.冗长乏味的；繁琐的；啰嗦的,1.0,5.0
jettison,n.抛弃；(紧急情况下的)投弃货物v.投弃；放弃；摆脱；除掉,0.0,4.0
explicate,v.详细解释,2.0,3.0
disinclined,adj.不情愿；不乐意；无意于,0.0,1.0
mordant,n.媒介；媒染剂；金属腐蚀剂adj.〈正式〉尖酸的；刻薄的；辛辣的；有腐蚀性的,1.0,11.0
economical,adj.经济的；实惠的；节俭的；节约的,1.0,0.0
unwieldy,adj.笨重的；笨拙的；不灵巧的；难控制（或操纵、管理）的,1.0,1.0
surpass,v.超过；胜过；优于,2.0,0.0
boor,n.粗鲁讨厌的人；粗野的人,0.0,1.0
boorish,adj.粗鲁讨厌的；粗野的,0.0,4.0
rhetoric,n.修辞；花言巧语；华而不实的言语；修辞技巧,0.0,1.0
apposite,adj.很合适；很恰当,0.0,9.0
avert,v.防止；转移目光；背过脸,0.0,1.0
accommodate,v.容纳；顺应；提供住宿（或膳宿、座位等）；提供空间,1.0,2.0
disparate,adj.由不同的人（或事物）组成的；迥然不同的；无法比较的；不相干的n.无法比较的东西,0.0,2.0
encumber,v.阻碍；妨碍；打搅；负债,0.0,0.0
complacent,adj.自满的；自鸣得意的；表现出自满的,0.0,0.0
blithe,adj.不在意的；漫不经心的；快乐的；无忧无虑的,8.0,46.0
fecund,adj.生殖力旺盛的；多产的；有发明创造力的；（尤指）能提出新颖想法的,0.0,1.0
reciprocal,n.【数】倒数；乘法逆元素；互相关联的事物adj.互惠的；相应的,0.0,0.0
recede,v.逐渐远离；渐渐远去；逐渐减弱；慢慢变小,0.0,1.0
implicate,v.牵涉；表明（或意指）…是起因n.包含[暗指]的东西,0.0,4.0
bifurcate,v.分叉；分支adj.【植】成叉的,1.0,0.0
encomium,n.高度赞扬的话（或文章）；颂词,1.0,8.0
equivalent,n.等值；同义词；【化】当量；【地】同期地层adj.【化】等价的；同等的；同意义的,12.0,0.0
meritorious,adj.值得赞扬的,2.0,1.0
virulent,adj.致命的；恶性的；剧毒的；狠毒的,0.0,2.0
soft-pedal,v.低调处理；降低…的调门；对…轻描淡写n.(用以减弱音量的)钢琴踏板；减弱效果的东西,0.0,2.0
insatiable,adj.不知足的；无法满足的,0.0,1.0
indigenous,adj.土著的；原产的；本乡本土的；土生土长的n.本土点；乡土种；本地种；固有有,6.0,0.0
authoritarian,adj.威权主义的；专制的n.独裁主义者,2.0,0.0
venerate,v.崇敬；敬重；敬仰,0.0,0.0
lexical,adj.词汇的,0.0,1.0
gainsay,v.否认；反驳；反对n.否认,0.0,1.0
contentious,adj.可能引起争论的；爱争论的；充满争吵的,0.0,0.0
guileless,adj.厚道的；老实的；不奸猾的,0.0,0.0
anomalous,adj.异常的；反常的,8.0,0.0
synergy,n.协同作用；协同效果；【医】增效作用,4.0,0.0
displace,v.取代；置换；转移；替代,0.0,0.0
exalt,v.提拔；表扬；褒扬；高度赞扬,3.0,9.0
delineate,v.（详细地）描述,0.0,3.0
versatile,adj.多才多艺的；有多种技能的；多面手的；多用途的,0.0,1.0
spartan,n.斯巴达；斯巴达式的人adj.斯巴达式的；简朴的；清苦的,1.0,1.0
chimera,n.空想；喀迈拉（古希腊神话中狮头、羊身、蛇尾的吐火怪物）；妄想；幻想,7.0,1.0
profligate,adj.挥霍的；浪费的n.放荡的人；恣意挥霍的人,0.0,1.0
conflate,v.合并；合成；混合,0.0,2.0
hidebound,adj.守旧的；迂腐的,0.0,1.0
convoluted,adj.复杂的；盘绕的v.convolute的过去式和过去分词形式,0.0,1.0
exotic,n.舶来品；外来物；外来品种；外来语adj.来自异国（尤指热带国家）的；奇异的；异国情调的；异国风味的,0.0,1.0
suffragist,n.主张扩大参政权者,1.0,5.0
vindicate,v.证实；证明有理；澄清（责难或嫌疑）；证明（某人）无罪（责）,0.0,2.0
deride,v.嘲笑；愚弄；揶揄,2.0,0.0
adduce,v.引证,0.0,1.0
fluctuate,v.（大小、数量、质量等）波动；（在…之间）起伏不定,12.0,2.0
anachronism,n.过时的人（或风俗、思想）；弄错年代；时代错误,1.0,2.0
ephemeral,adj.短暂的；瞬息的n.生命短暂的事物；短生植物,0.0,5.0
subtle,adj.不易察觉的；不明显的；微妙的；机智的,0.0,0.0
grandiose,adj.华而不实的；浮夸的；不切实际的,0.0,1.0
minuscule,adj.极小的；微小的n.同“miniscule”,0.0,3.0
accretion,n.堆积；积聚层；堆积层,1.0,5.0
enthrall,v.迷惑；使做奴隶,0.0,0.0
undercut,"v.削价竞争；以低于（竞争对手）的价格出售；削弱；使降低效力n.大盖儿头发型；帽盔式发型；华盖式发型adj.下部被削去[切去,挖掉,凿去]的",3.0,3.0
mediocre,adj.平庸的；普通的；平常的,0.0,6.0
decouple,v.（使两事物）分离,1.0,0.0
labile,"adj.易变化的；【化,物】不稳定的；【电】滑动的",0.0,2.0
equivocate,v.（故意）含糊其词,1.0,5.0
pinpoint,v.确定；精准定位n.针尖adj.精准的,0.0,2.0
pithy,adj.言简意赅的；精练的,0.0,2.0
trump,v.胜过；出王牌赢（牌）；出王牌压掉（他人的牌）；打败n.将牌；主牌花色,22.0,8.0
infatuated,adj.热恋的；痴情的,0.0,0.0
conjure,v.变戏法；变魔术；使…变戏法般地出现（或消失）,4.0,1.0
estimable,adj.值得尊重的；值得敬佩的,1.0,0.0
contemplate,v.考虑；沉思；思量；思忖,1.0,2.0
belie,v.掩饰；遮掩；给人以假象；显示（某事）不正确,0.0,3.0
emulate,v.仿真；模仿；努力赶上；向…看齐,2.0,0.0
jocular,adj.幽默的；滑稽的；诙谐的；爱开玩笑的,0.0,2.0
cerebral,adj.大脑的；理智的；智力的,3.0,3.0
heterodox,adj.异端的；非正统的,0.0,1.0
felicitous,adj.贴切的；恰当的；妥帖的,0.0,3.0
initiate,v.开创；开始；提出；制定adj.被传授初步知识的；新入会的n.被传授初步知识的人；新入会的人,15.0,1.0
penetrate,v.渗透；进入；穿过；看透,4.0,3.0
perpetual,adj.不间断的；持续的；长久的；一再反复的n.【园】四季开花的植物；多年生草,0.0,3.0
portentous,adj.预示（坏事）的；先兆的；煞有介事的；装腔作势的,0.0,2.0
canon,n.教规；〈正式〉规则；标准；原则,0.0,1.0
valediction,n.（尤指正式演讲中的）告别,1.0,3.0
polemic,n.论战；激烈争论；辩论文章；辩论术adj.论战的；喜欢争论的,0.0,4.0
ossify,v.（使）僵化；（使）固定不变；使骨化；骨质化,0.0,1.0
spurn,n.拒绝；藐视；唾弃；不理睬v.（尤指傲慢地）拒绝,0.0,0.0
impulsive,adj.凭冲动行事的；易冲动的,0.0,0.0
transient,adj.短暂的；转瞬即逝的；倏忽的；暂住的n.暂住某地的人；过往旅客；临时工,0.0,1.0
flourish,v.繁荣；兴旺；昌盛；茁壮成长n.（为引起注意的）夸张动作；给人深刻印象的行动；令人难忘的方式；修饰,0.0,5.0
adhere,v.黏附；附着,1.0,3.0
serviceable,adj.能用的,17.0,5.0
restorative,adj.恢复健康的；促使康复的；整容的；整形的n.有助于恢复健康的事物；滋补品,1.0,0.0
refractory,adj.难以驾驭的；行为乖戾的；难以诊治的；难以治愈的n.倔强的人；耐火矿石[金属]；耐熔质,0.0,3.0
absolve,v.宣告…无罪；判定…无责；赦免…的罪,4.0,2.0
random,adj.随意的（非事先决定或不规则）；不认识的；辨认不出的；出人意料的n.偶然的[随便的]行动[过程],5.0,0.0
germane,adj.与…有密切关系；贴切；恰当,1.0,2.0
formidable,adj.可怕的；令人敬畏的；难对付的,2.0,0.0
obligatory,adj.（按法律、规定等）必须的；习惯性的；随大溜的；赶时髦的,0.0,1.0
exhaustive,adj.详尽的；彻底的；全面的,2.0,2.0
hamper,v.阻碍；妨碍；阻止n.（尤指用于盛食物的）带盖大篮子；（作为礼品的）盒装食物,0.0,0.0
imperil,v.使陷于危险；危及,0.0,1.0
antithesis,n.对照；【语】对语；对语的后半部；【乐】对应乐节,0.0,1.0
unseasoned,adj.没有调味的；未成熟的；没有经验的；未干的,1.0,1.0
specious,adj.似是而非的；貌似有理的,0.0,1.0
unqualified,adj.不合格的；没资格的；完全的；绝对的,1.0,0.0
overshadow,v.使显得逊色；使黯然失色；使扫兴；使蒙上阴影,0.0,5.0
nebulous,adj.模糊的；不清楚的,1.0,0.0
avid,adj.热衷的；酷爱的；渴望的；渴求的,0.0,0.0
censorious,adj.爱挑剔的；吹毛求疵的,0.0,1.0
exhilarate,v.使高兴；使兴奋；使激动,0.0,3.0
vibrant,adj.充满生机的；生气勃勃的；精力充沛的；鲜艳的n.【语】有声音,1.0,3.0
analogous,adj.相似的；类似的,0.0,0.0
subsume,v.将…归入（或纳入）,0.0,2.0
alacrity,n.欣然同意；十分乐意,0.0,0.0
stagnant,adj.（水或空气）不流动而污浊的；停滞的；不发展的；无变化的,0.0,1.0
histrionic,n.演员；戏剧表演；舞台艺术；戏剧似的言行adj.矫揉造作的；装腔作势的,0.0,0.0
heterogeneous,adj.由很多种类组成的；各种各样的,0.0,1.0
elicit,v.引出；探出；诱出,22.0,26.0
symmetry,n.对称；相似；相仿；相等,1.0,0.0
satire,n.讽刺；讥讽；讽刺作品,0.0,0.0
noxious,adj.有毒的；有害的,1.0,0.0
dilettante,adj.(对艺术等)一知半解的；业余的n.〈正式〉业余爱好者,1.0,5.0
mollify,v.使平静；抚慰,0.0,5.0
implacable,adj.不能改变的；不愿和解的；不饶人的,0.0,1.0
illegible,adj.难以辨认的；无法辨识的；字迹模糊的,0.0,0.0
opportune,adj.恰好的；适当的；恰当的；及时的,1.0,1.0
vitriol,v.(〔英国〕 -ll- ) 用硫酸烧伤；用硫酸处理n.尖刻无情的话（或批评）,0.0,0.0
supercilious,adj.傲慢的；高傲的,0.0,1.0
furtive,adj.偷偷摸摸的；鬼鬼祟祟的；遮遮掩掩的,0.0,1.0
vindictive,adj.想复仇的；报复性的；怀恨的,0.0,3.0
sycophant,n.阿谀奉承的人；谄媚者；拍马者adj.谄媚的,0.0,1.0
contempt,n.蔑视；轻蔑；鄙视；（对规则、危险等的）藐视,41.0,18.0
corrosive,n.腐蚀剂adj.腐蚀性的；侵蚀性的；损害性的；逐渐起破坏作用的,1.0,1.0
agile,adj.敏捷的；灵活的；(思维)敏捷的；机智的,0.0,0.0
inveterate,adj.积习难改的；有…瘾的；长期形成的；根深蒂固的,0.0,1.0
provincial,n.外省人；外地人；乡巴佬；都城以外的人adj.省的；一级行政区的；首都以外的；外省的,0.0,0.0
lucrative,adj.赚大钱的；获利多的,1.0,0.0
patent,n.专利；专利权；专利证adj.专利(的)；显然；明摆着的v.取得专利权,0.0,1.0
trite,adj.老生常谈的；陈腐的；老一套的,0.0,2.0
unfounded,adj.莫须有的；无端的；没理由的；不依据事实的,1.0,2.0
congenial,adj.意气相投的；志趣相投的；合得来的；相宜的,0.0,0.0
truncate,vt.删节（尤指掐头或去尾）adj.截短的；被删节的,3.0,0.0
denigrate,v.诋毁；诽谤；贬低,0.0,0.0
incentive,n.激励；刺激；鼓励adj.刺激性的,6.0,4.0
evince,v.表明,0.0,0.0
stubborn,adj.固执的；执拗的；顽固的；倔强的,4.0,0.0
discretion,n.谨慎；慎重；审慎；自行决定的自由,0.0,1.0
hinder,v.阻碍；妨碍；阻挡adj.后面的,1.0,2.0
tenacious,adj.紧握的；不松手的；坚持的；顽强的,0.0,2.0
incursion,n.突然入侵；突然侵犯；袭击；（意外的）搅扰,0.0,3.0
vicious,adj.狂暴的；残酷的；凶猛危险的；充满仇恨的,1.0,3.0
salutary,adj.有益的（尽管往往让人不愉快）,0.0,7.0
spectral,adj.鬼一般的；幽灵似的；鬼的；幽灵的,0.0,0.0
coalesce,v.合并；结合；联合,0.0,1.0
enormity,n.巨大；深远影响；严重性；滔天罪行,1.0,3.0
preeminent,adj.优秀的,0.0,0.0
ingratiate,v.讨好；巴结；迎合,0.0,2.0
dispassionate,adj.不动感情的；冷静的；不带偏见的,28.0,10.0
elude,v.躲避；逃避；使…迷惑；难倒…,0.0,1.0
precede,v.先于；在…之前发生（或出现）；走在…前面,4.0,0.0
prescribe,v.规定；命令；指示；给…开（药）,1.0,1.0
converge,v.集中；汇集；聚集；（向某一点）相交,0.0,0.0
nuance,n.（意义、声音、颜色、感情等方面的）细微差别,0.0,1.0
edify,v.教化；启迪；教诲,0.0,4.0
discrete,adj.离散的；分离的；各别的,0.0,0.0
sporadic,adj.偶尔发生的；间或出现的；阵发性的；断断续续的,0.0,0.0
dearth,n.缺乏；不足,0.0,4.0
foreground,n.（景物、图画等的）前景；瞩目地位；重要位置v.强调；突出,1.0,0.0
jejune,adj.太幼稚的；不成熟的；头脑简单的；枯燥无味的,0.0,4.0
relinquish,v.（尤指不情愿地）放弃,0.0,2.0
malleable,adj.可锻造的；可轧压的；易成型的；可塑的,4.0,8.0
induce,v.导致；引起；诱使；劝说,0.0,0.0
effusive,adj.感情过分流露的；太动感情的；奔放的,0.0,0.0
detrimental,adj.不利的,0.0,3.0
venal,adj.贪赃枉法的；见利忘义的,0.0,1.0
disdain,v.蔑视；鄙视；鄙弃；不屑（做某事）n.蔑视；鄙视；鄙弃,0.0,2.0
abate,v.减少,0.0,0.0
unwitting,adj.不知情的；糊里糊涂的；无意的,0.0,2.0
irreducible,adj.不能再分的；无法简化的,0.0,8.0
laud,v.称赞；赞美；赞扬n.称赞；赞美歌；松歌,0.0,2.0
abhor,v.厌恶；憎恨；唾弃,1.0,1.0
reminiscent,adj.使回忆起（人或事）；回忆过去的；怀旧的；缅怀往事的n.回忆者；追记前事者,0.0,1.0
relish,v.喜欢；享受；从…获得乐趣；渴望n.享受；乐趣；风味佐料（用水果和蔬菜煮后制成的冷稠酱汁）,0.0,3.0
thwart,v.阻止；阻挠；对…构成阻力adj.穿过的；不利的adv.横过n.(横贯小艇的)坐板,0.0,3.0
immutable,adj.不可改变的；永恒不变的,1.0,2.0
pretentious,adj.炫耀的；虚夸的；自命不凡的,0.0,0.0
lament,n.挽歌；哀诗；悼辞v.对…感到悲痛；痛惜；对…表示失望,1.0,1.0
reactionary,n.反动分子；反对政治（或社会）变革者adj.反动的；保守的；【化】反应的,1.0,1.0
fragile,adj.易碎的；易损的；不牢固的；脆弱的,0.0,1.0
derogatory,adj.贬低的；贬义的,0.0,0.0
unyielding,adj.坚定的；顽强不屈的；固执的；不弯曲的,1.0,0.0
benign,adj.善良的；和善的；慈祥的；良性的,0.0,6.0
catalyst,n.催化剂；促使变化的人；引发变化的因素,2.0,0.0
propagate,v.传播；繁殖；宣传；增殖,1.0,1.0
expeditious,adj.迅速而有效的；迅速完成的,0.0,0.0
coy,n.科伊；【男名】男子名adj.假装害羞无知的；不愿提供信息的；不肯作答的；含糊其词的abbr.(=company),2.0,4.0
concise,adj.简明的；简练的；简洁的；简略的,1.0,1.0
extirpate,v.根除,0.0,2.0
deprecate,v.对…表示极不赞成；强烈反对,0.0,1.0
labyrinthine,adj.迷宫的；复杂的；内耳道的,0.0,1.0
responsive,adj.反应敏捷；反应积极；反应热烈的；热情的,5.0,0.0
largesse,n.慷慨解囊；施舍；赠款,0.0,2.0
estrange,v.使疏远；离间；隔离；使离开(习惯了的环境等),2.0,1.0
hostility,n.敌意；对抗；（对思想、计划或情形的）愤怒反对；战争行为,2.0,0.0
denunciation,n.指责；公开谴责；斥责,1.0,1.0
forbear,v.克制；自制；忍住（不说话或不做某事）n.同“forebear”,0.0,0.0
laconic,adj.简洁的；简明扼要的；凝练的,1.0,5.0
palliate,v.缓和（疾病或不适）,0.0,7.0
whimsical,adj.异想天开的；想入非非的；心血来潮的；滑稽可笑的,0.0,1.0
lavish,v.浪费；挥霍；滥花；慷慨地给与adj.大量的；给人印象深刻的；耗资巨大的；慷慨的,1.0,4.0
meticulous,adj.细心的；小心翼翼的,0.0,2.0
petulant,adj.闹脾气的；爱耍性子的；赌气的；任性的,0.0,1.0
inscrutable,adj.难以捉摸的；难以理解的；神秘莫测的,0.0,2.0
obfuscate,v.（故意地）混淆,5.0,0.0
imperious,adj.专横的；蛮横的；盛气凌人的,0.0,0.0
loath,adj.不情愿；不乐意；勉强,0.0,0.0
circumscribe,v.限制；画…的外接圆,1.0,2.0
pernicious,adj.有害的,0.0,1.0
perennial,adj.长久的；持续的；反复出现的；多年生的n.多年生植物,1.0,3.0
lambaste,v.狠狠批评,0.0,1.0
upheaval,n.动荡；剧变；激变；动乱,0.0,2.0
quell,v.平息；制止；消除；镇压n.〈古〉屠杀,0.0,1.0
divert,v.转移；使转向；使绕道；改变（资金、材料等）的用途,3.0,1.0
resignation,n.辞职；辞呈；顺从；辞职信,1.0,1.0
momentous,adj.关键的；重要的；重大的,0.0,0.0
obscure,n.朦胧；黑夜adj.无名的；鲜为人知的；费解的；难以理解的v.使模糊；使隐晦；使费解,0.0,0.0
explicit,adj.清楚明白的；易于理解的；明确的；直言的,4.0,2.0
deleterious,adj.有害的；造成伤害的；损害的,0.0,1.0
facile,adj.轻率作出的；不动脑筋的；轻易可得的；得来容易的,0.0,0.0
antiquated,adj.过时的；陈旧的,2.0,2.0
hew,"v.砍；劈出(某种形状、某物)abbr.(Department of) Health, Education, and Welfare (美国旧制时的)卫生、教育和福利部",3.0,0.0
lethargy,n.无精打采；冷漠；没有热情,0.0,10.0
tortuous,adj.拐弯抹角的；含混不清的；冗长费解的；弯弯曲曲的,0.0,1.0
distinctive,adj.独特的；特别的；有特色的,0.0,0.0
antipathy,n.反感；厌恶,3.0,1.0
curtail,v.缩短；限制；减缩,0.0,1.0
illuminate,v.照亮；照明；阐明；解释,0.0,0.0
simmer,v.煨；用文火炖；充满（难以控制的感情，尤指愤怒）；即将爆发n.即将沸腾状态；文火炖；小火煨,0.0,4.0
egalitarian,adj.主张人人平等的；平等主义的,0.0,3.0
disseminate,v.传播；散播；扩散,1.0,7.0
vociferous,adj.大声疾呼的；喧嚣的；大叫大嚷的,0.0,1.0
quixotic,adj.想入非非的；异想天开的；堂吉诃德式的n.同“quixotism”,0.0,1.0
stale,v.走味；使陈旧；使没有味道；用坏adj.不新鲜的；（空气）污浊的；（烟味）难闻的；陈腐的n.囮子；笑柄；受人愚弄成为笑谈的人；畜尿,3.0,12.0
recondite,adj.深奥的；晦涩的,0.0,5.0
ennui,n.倦怠；无聊；厌倦,0.0,3.0
provisional,adj.临时的；暂时的；暂定的,3.0,0.0
arid,adj.干旱的；干燥的；枯燥的；乏味的,0.0,0.0
embrace,n.拥抱；接受；包围；领会v.拥抱；包括；欣然接受；包含,2.0,0.0
blunder,n.愚蠢（或粗心）的错误v.犯愚蠢的（或粗心的）错误,1.0,2.0
congruent,adj.全等的；叠合的；适合的；适当的,0.0,0.0
candor,n.坦率；爽直；坦白,0.0,1.0
stifle,"v.扼杀；抑制；压制；阻止n.(马,狗的)后腿膝关节(病)",0.0,6.0
adequate,adj.足够的；合格的；合乎需要的,1.0,0.0
languish,n.憔悴；惹人怜爱的感伤模样[倦态等]；脉脉含情v.被迫滞留；长期受苦；受煎熬；变得衰弱,2.0,0.0
modulate,v.调节；调整；调节（嗓音的大小、强弱、高低等）；变调,0.0,2.0
diagnose,v.诊断（疾病）；判断（问题的原因）,2.0,2.0
exacerbate,v.加剧,0.0,2.0
underrate,v.过低评价；低估,2.0,3.0
profusion,n.大量；众多,0.0,0.0
ominous,adj.不祥的；恶兆的；不吉利的,1.0,0.0
emblazon,v.（用图案、符号或文字醒目地）装饰,0.0,4.0
unnerve,v.使紧张；使恐惧；使丧失信心,2.0,6.0
evasive,adj.闪烁其词的；含糊的,3.0,0.0
improvise,v.临时拼凑；临时做；即兴创作（音乐、台词、演讲词等）,1.0,0.0
hearten,v.激励；鼓励,16.0,0.0
irenic,adj.和平的,0.0,8.0
trepidation,n.惊恐；恐惧；惊惶；不安,0.0,4.0
fixate,v.(使)固定下来；(使)凝视；(使)注意；全部控制,0.0,1.0
metamorphose,v.变化,0.0,0.0
scarcity,n.缺乏；不足；稀少,1.0,3.0
unwonted,adj.不平常的；异常的；罕见的；没想到的,1.0,0.0
approbation,n.认可；批准,0.0,1.0
personable,adj.品貌兼优的；英俊潇洒的,2.0,4.0
egregious,adj.极糟的；极坏的,0.0,2.0
punctilious,adj.一丝不苟的；循规蹈矩的,0.0,1.0
magnanimous,adj.宽宏的,0.0,1.0
surfeit,n.过量v.吃[喝]得太多 (of on upon) 放纵；使胸中作恶,0.0,1.0
rationalize,v.对…进行理性的解释；对…加以科学的说明；使合理化；进行合理化改革,22.0,5.0
founder,n.创办者v.失败；破产；沉没,2.0,1.0
provident,adj.精打细算的；未雨绸缪的,1.0,9.0
shrewd,adj.精明的；敏锐的；有眼光的；精于盘算的,0.0,1.0
clandestine,adj.暗中从事的；保密的；秘密的,0.0,6.0
humane,adj.善良的；仁慈的；人道的,0.0,0.0
anathema,n.可憎的事物；可恶的想法,0.0,0.0
quotidian,adj.寻常的；普通的；司空见惯的n.司空见惯的事；【医】日发疟,1.0,1.0
litigious,adj.好诉讼的；爱打官司的,0.0,0.0
tactful,adj.圆通的；得体的；不得罪人的,0.0,1.0
marginal,adj.小的；微不足道的；不重要的；非主体的n.（议会或地方委员会的）边缘席位,0.0,3.0
tenable,adj.说得过去的；站得住脚的；可保有,3.0,9.0
dispel,v.消除（尤指感觉或信仰）,33.0,7.0
aberrant,adj.违反常规的；反常的；异常的,1.0,3.0
fusion,n.融合；核聚变；熔接；结合,2.0,1.0
notorious,adj.声名狼藉的；臭名昭著的,1.0,1.0
obdurate,adj.顽固的；固执的；执拗的,0.0,0.0
efface,v.消除；抹去；擦掉,0.0,1.0
divine,n.神；牧师；宗教学者；圣职人员v.推测；卜卦；猜得出；窥测adj.神的；神性的；天赐的；奉为神的,2.0,0.0
insipid,adj.无味道的；淡而无味的；没有趣味的；枯燥乏味的,0.0,2.0
nonplussed,adj.惊慌失措的；不知所措的v.nonplus的过去式和过去分词形式,0.0,2.0
ambiguous,adj.模棱两可的；含混不清的；多义的；不明确的,1.0,0.0
pertinent,adj.有关的；恰当的；相宜的n.附属物；参考,0.0,1.0
buck,n.雄鹿；（一）美元；（一）澳元；（一）新西兰元adv.〈方〉完全v.尥起后蹄跳跃；弓背四蹄跳起；猛然震荡；猛烈颠簸adj.雄的；〈美俚〉男的；〈美俚〉某一军衔等级中最低一级的,2.0,0.0
bolster,v.加强；改善n.垫枕（长而厚）,0.0,9.0
fabricate,v.制造；编造；捏造；装配,2.0,3.0
poignant,adj.痛苦的；深刻的；(肉体上 )痛苦的；辛辣的,0.0,5.0
discriminate,v.歧视；区别；区分；辨别adj.有分辨能力的；显著的；〈古〉明确的,1.0,0.0
parsimony,n.悭吝；吝啬；小气,0.0,2.0
scant,adj.一丁点的；微小的；不足的；欠缺的v.缩减；克扣；吝惜；不客气地对待adv.几乎不[没有],0.0,1.0
comprehensive,adj.全部的；所有的；（几乎）无所不包的；详尽的n.（英国为各种资质的学生设立的）综合中学,2.0,0.0
efficacious,adj.有效的；奏效的；灵验的,0.0,0.0
collage,n.拼贴画；拼贴艺术；收集品；收藏品,0.0,0.0
decipher,v.破译n.密电(或密信)的译文,1.0,1.0
lucid,adj.表达清楚的；易懂的,0.0,2.0
opaque,n.不透明；【建】遮檐；【摄】遮光涂料adj.模糊；不透明的；不透光的；浑浊的,2.0,0.0
susceptible,adj.敏感；易受影响（或伤害等）；过敏；好动感情的,0.0,0.0
repudiate,v.拒绝；不接受；回绝；（正式地）否认,0.0,3.0
apogee,n.顶峰；顶点；最高点,0.0,0.0
debunk,v.批判；驳斥；揭穿…的真相,0.0,1.0
maverick,n.持不同意见者；独行其是者；言行与众不同者v.迷路,0.0,0.0
sartorial,adj.服装的；（尤指）男装的；衣着的,0.0,5.0
obliterate,v.毁掉；覆盖；清除,0.0,2.0
secure,v.保护；取得；保卫；抵押adj.安心的；有把握的；可靠的；牢靠的,3.0,0.0
overwhelm,v.压倒；淹没；击败；（感情或感觉）充溢,1.0,1.0
chary,adj.不愿冒风险的；小心谨慎的；谨小慎微的,0.0,4.0
pedigree,n.家谱；世系；门第；起源adj.优良品种的；纯种的,0.0,2.0
pilfer,v.偷窃（小东西）；小偷小摸；（尤指员工）偷窃,1.0,0.0
introspection,n.反省；内省,0.0,0.0
jaded,adj.精疲力竭的；厌倦的；腻烦的,1.0,1.0
scam,n.欺诈；诈财骗局,1.0,0.0
erudite,adj.博学的；有学问的n.有学问的人,1.0,2.0
inflame,v.激怒；〈文学〉挑逗；【医】(使)红肿,0.0,1.0
parochial,adj.教区的；堂区的；只关心本地区的；地方观念的,1.0,0.0
hypocrite,n.伪君子；伪善者；虚伪的人,0.0,0.0
placebo,n.安慰剂；晚祷悼声[丧歌]；安慰剂效应,0.0,0.0
preclude,v.排除；妨碍；使行不通；阻止,0.0,3.0
malign,v.中伤adj.有害的；引起伤害的,0.0,2.0
taciturn,adj.不苟言笑的；沉默寡言的；缄默不语的,0.0,1.0
sacrosanct,adj.神圣不容更改（或置疑）的,0.0,2.0
obviate,v.排除；消除；打消,0.0,2.0
constructive,adj.建设性的；有助益的；积极的,3.0,1.0
parallel,adj.平行（的）；极相似的；同时发生的；相应的v.与…相似；与…同时发生；与…媲美；比得上n.（尤指不同地点或时间的）极其相似的人（或情况、事件等）,0.0,0.0
compatible,adj.兼容的；可共用的；可共存的；（因思想、志趣等相投而）关系好的,3.0,0.0
acumen,n.精明；敏锐,0.0,0.0
inadvertent,adj.疏忽的；漫不经心的；出于无心的,0.0,0.0
recapitulate,v.重述；概括,0.0,1.0
emblematic,adj.标志的；象征（性）的；特有的；典型的,0.0,15.0
outmoded,adj.过时的；已无用的,1.0,3.0
barrage,n.堰；拦河坝；水坝；火力网,2.0,1.0
quiescent,adj.沉寂的；静态的；静止的,0.0,0.0
inferno,n.无法控制的大火,0.0,0.0
rebuff,v.拒绝；挫折；击退n.粗暴回绝；生硬的拒绝,0.0,2.0
altruism,n.利他主义,0.0,0.0
eccentric,n.怪人；偏心圆；【机】偏心器；【天】离心圈adj.古怪的；异乎寻常的,9.0,0.0
betray,v.辜负；出卖；泄露（机密）；对…不忠,2.0,0.0
opinionate,adj.以意见为依据的；固执,1.0,1.0
itinerant,adj.巡回的；流动的；（尤指为找工作）四处奔波的n.巡回者,0.0,6.0
eminent,adj.显赫的；非凡的；杰出的,2.0,3.0
gratify,v.使高兴；使满意；满足（愿望、需要等）,1.0,3.0
impeccable,adj.无错误的；无瑕疵的；完美的n.不会作坏事的人；毫无缺点的人,0.0,1.0
privation,n.贫困；匮乏；艰难,0.0,4.0
sanguine,n.血红色；抱乐观；(用氧化铁染色的)红粉笔；红粉笔画adj.充满信心的；乐观的,0.0,0.0
ratify,v.正式批准；使正式生效,0.0,3.0
intrigue,n.阴谋；密谋；阴谋诡计；密谋策划v.密谋；激起…的兴趣；引发…的好奇心；秘密策划（加害他人）,2.0,4.0
torpid,adj.不活泼的；迟钝的；有气无力的；懒散的n.(牛津大学)四旬节艇赛；四旬节艇赛选手[用艇],0.0,2.0
querulous,adj.抱怨的；显得恼怒的,0.0,0.0
retain,v.保留；保持；持有；继续拥有,0.0,2.0
immure,v.禁闭；监禁,0.0,5.0
hoard,v.囤积；贮藏；（尤指）秘藏n.（钱、食物、贵重物品等的）贮存；（尤指）秘藏,0.0,15.0
conjecture,n.猜想；计划；辨读；设想v.猜想；辨读,5.0,1.0
premeditated,adj.预谋的；事先策划的,0.0,0.0
docile,adj.温顺的,0.0,7.0
duplicity,n.欺骗,0.0,0.0
repellent,n.防水剂；驱虫剂adj.使人反感的；令人厌恶的；防…的；隔绝…的,0.0,0.0
resent,v.愤恨；感到气愤；愤愤不平,1.0,0.0
incipient,adj.刚开始的；初始的；早期的,0.0,4.0
fatigue,n.疲劳；劳累；厌倦；（金属或木材的）疲劳v.疲劳；使疲乏；(士兵)担任杂役,0.0,4.0
porous,adj.多孔的；透水的；透气的,0.0,0.0
accentuate,v.强调；着重；使突出,0.0,3.0
discern,v.识别；觉察出；了解；听出,2.0,2.0
sanction,n.制裁；批准；处罚；约束v.许可；准许；准予；惩罚,2.0,1.0
assume,v.假设；假定；认为；假装,1.0,2.0
stringent,adj.严格的；严厉的；紧缩的；短缺的,0.0,3.0
denounce,v.谴责；指责；斥责；告发（某人从事非法政治活动）,5.0,1.0
inimical,adj.对…有害的；不利于…的；不友好的；敌意的,0.0,2.0
supplant,v.取代,0.0,2.0
restive,adj.难驾驭的；焦躁不安的；不耐烦的,0.0,5.0
tedious,adj.冗长的；啰嗦的；单调乏味的；令人厌烦的,0.0,0.0
endorse,v.支持；背书；（在广告中）宣传；（在驾驶执照上）记录违章事项,2.0,0.0
dilatory,adj.拖拉的；拖延的；延误的,1.0,5.0
unsound,adj.不稳妥的；观点不正确的；有错误的；靠不住的,0.0,4.0
droll,n.逗人发笑的人；滑稽演员；小丑adj.离奇可笑的；滑稽古怪的v.开玩笑,0.0,1.0
conspicuous,adj.易见的；明显的；惹人注意的,0.0,1.0
novelty,n.新颖；新奇；新鲜；新奇的事物（或人、环境）adj.新奇的；风格独特的,2.0,4.0
presume,v.假设；假定；设想；（尤指法庭上）推定,0.0,0.0
cynic,n.愤世嫉俗者；认为人皆自私的人；悲观者；怀疑者adj.同“cynical”；犬儒学派的,2.0,0.0
antagonize,v.使对立；使生气,0.0,0.0
ridicule,n.嘲笑；奚落；讥笑v.嘲笑；奚落；讥笑,0.0,0.0
peripatetic,n.游历；小贩；到处走动；徒步游历者adj.巡回工作的；流动的,0.0,4.0
protean,adj.多变的；易变的；变幻无常的,0.0,2.0
hasty,adj.匆忙的；仓促而就的；草率的；仓促行事,0.0,4.0
numb,adj.麻木的；失去知觉的；迟钝的；呆滞的v.使失去知觉；使麻木；使迟钝,2.0,0.0
dissimulate,v.掩盖,0.0,3.0
dissemble,v.掩饰（真实感情或意图）,0.0,1.0
gregarious,adj.交际的；合群的；群居的,0.0,2.0
tepid,adj.不冷不热的；微温的；温吞的；不热情的,0.0,2.0
extol,v.颂扬；赞扬；称赞,0.0,0.0
sybaritic,adj.贪图享乐的；骄奢淫逸的,0.0,2.0
sequential,adj.按次序的；顺序的；序列的n.〈美俚〉按期服食的避孕丸,2.0,1.0
unfettered,adj.无限制的；不受约束的；自由的,0.0,0.0
multifarious,adj.多种的；各种各样的；多样的,0.0,4.0
mainstay,n.支柱；中流砥柱,0.0,3.0
trenchant,adj.尖锐的；有效的；鲜明的,0.0,0.0
elucidate,v.说明；解释；阐明；阐释,0.0,6.0
unctuous,adj.谄媚的；油滑的；拍马奉迎的,0.0,5.0
fraught,adj.充满（不愉快事物）的；焦虑的；忧虑的；担心的n.货物,0.0,3.0
enlighten,v.启发；开导；阐明,0.0,0.0
tribute,n.悼念；颂词；致哀；吊唁礼物,1.0,1.0
dispose,v.布置；安排；排列；使倾向于,0.0,3.0
haughty,adj.傲慢的；高傲自大的,0.0,1.0
transitory,adj.暂时的；片刻的；转瞬即逝的,0.0,0.0
proscribe,v.宣布禁止,0.0,3.0
paramount,n.最高；有最高权力的人；元首；首长adj.至为重要的；首要的；至高无上的；至尊的,22.0,1.0
immune,adj.有免疫力；不受影响；受保护；免除n.免疫者,2.0,1.0
perspicuous,adj.明白易懂的；说话清楚的；〈罕〉聪明的,0.0,0.0
castigate,v.严厉批评；申斥,0.0,1.0
contingent,n.代表团；（军队的）分遣队adj.依情况而定的；临时工；临时工作,1.0,2.0
obsequious,adj.谄媚的；巴结奉迎的,0.0,1.0
appeal,n.上诉；吸引力；申诉；魅力v.上诉；呼吁；申诉；恳求,0.0,0.0
bombard,v.轰炸；轰击；大量提问；大肆抨击n.射石炮,0.0,2.0
empathy,n.共鸣；同情；同感,0.0,0.0
devastate,v.摧毁；彻底破坏；毁灭；使震惊,0.0,2.0
virtuosity,n.（表演或演奏方面的）高超技艺,0.0,1.0
daunt,v.威吓,0.0,1.0
buoy,n.浮标；航标v.鼓舞；鼓励；使漂浮；使浮起,0.0,0.0
reticent,adj.寡言少语；不愿与人交谈；有保留,0.0,5.0
flounder,n.比目鱼；偏口鱼v.不知所措；挠头；支吾；困难重重,0.0,10.0
originality,n.创意；独创性；独特构思,4.0,2.0
manifest,v.表明；显现；使人注意到adj.明显的；显而易见的n.旅客名单,3.0,1.0
ramshackle,adj.摇摇欲坠的；破烂不堪的；组织松散（而不能持久）的；行将瓦解的,0.0,3.0
instill,v.滴注；慢慢灌输,0.0,1.0
pragmatic,n.爱管闲事的人；专断的人；国事诏书；实际家adj.实用的；讲求实效的；务实的,0.0,1.0
constrict,v.约束；（使）紧缩；限制；限定,7.0,7.0
reprehensible,adj.不道德的；应受指责的；应受谴责的,0.0,0.0
gamut,n.全部；全范围,0.0,10.0
conform,v.遵守；相一致；顺从；相符合,1.0,0.0
fickle,adj.易变的；无常的；反复无常的,0.0,5.0
prolific,adj.多产的；创作丰富的；丰硕的；多育的,2.0,1.0
subterfuge,n.（通常指欺骗性）秘密手段；诡计,0.0,2.0
meretricious,adj.华而不实的；虚有其表的；金玉其外的,0.0,1.0
tenuous,adj.脆弱的；微弱的；缥缈的；纤细的,0.0,0.0
nonchalant,adj.若无其事的；冷静的；漠不关心的,0.0,3.0
collegiate,"adj.大学的；学院的；大学生的；分为学院的n.学院[高等学校,大学]学生",0.0,1.0
harbinger,v.预示；为…作先驱n.兆头,3.0,2.0
splenetic,n.生脾病的人；脾气坏的人；脾病药adj.脾气坏的；常发怒的,0.0,1.0
cosmopolitan,adj.世界性的；全球各国的；有各国人的；受各国文化影响的n.周游世界的人,14.0,20.0
salient,adj.最重要的；显著的；突出的n.凸角；【建】突出部,0.0,1.0
iconoclast,n.批评传统信仰（或习俗、思想）的人；反传统者,1.0,5.0
abandon,v.放弃；抛弃；废弃；遗弃n.放肆；狂热；任性；恣意任性,0.0,0.0
fraudulent,adj.欺骗的；欺诈的,28.0,11.0
pristine,adj.崭新的；清新的；未开发的；处于原始状态的,0.0,6.0
affect,v.影响；侵袭；假装；使感染n.【心】情感；【数】偏差,0.0,0.0
outlandish,adj.稀奇古怪的；异国风味的,2.0,2.0
premature,adj.未成熟的；过早的；提前的；早产的n.早产的婴儿；过早爆发的炮弹；过早发生的事物,4.0,2.0
overstate,v.夸大；夸张；言过其实,1.0,1.0
stint,v.吝惜；节省n.从事某项工作（或活动）的时间,2.0,5.0
apolitical,adj.不关心政治的；不重视政治的；与政党无关的,0.0,0.0
feign,v.假装,0.0,0.0
exposition,n.阐述；（产品的）展销；商品交易会；产品博览会,6.0,4.0
entice,v.诱使；引诱,0.0,1.0
exuberant,adj.精力充沛的；热情洋溢的；兴高采烈的；繁茂的,0.0,2.0
subvert,v.颠覆；暗中破坏；使背叛；使变节,0.0,1.0
synthesis,n.综合；结合；综合体；（物质在动植物体内的）合成,2.0,2.0
palpable,adj.易于察觉的；可意识到的；明显的,0.0,5.0
repository,n.仓库；贮藏室；存放处；学识渊博的人,3.0,0.0
encyclopedic,adj.百科全书的；百科知识的；包含各种学科知识的；知识渊博的,0.0,0.0
sagacious,adj.精明练达的；洞察事理的,0.0,0.0
consonant,n.辅音；辅音字母（如 b、c、d、f 等）adj.和谐的,0.0,7.0
peripheral,n.外部设备；计算机外围设备；附加设备；辅助设备adj.周围的；外围(的)；外设的；外表面的,0.0,6.0
dissonant,adj.【乐】不协和的；刺耳的；不调和的；不一致的,0.0,3.0
recalcitrant,adj.不守规章的；不服从指挥的；桀骜不驯的；难以控制的,0.0,0.0
predilection,n.偏爱；喜爱；钟爱,2.0,3.0
unalloyed,adj.纯真的；纯粹的,0.0,2.0
entail,v.需要；牵涉；使必要n.限定继承权；预定继承人的顺序,0.0,3.0
verify,v.核实；证实；证明；查对,2.0,0.0
garrulous,adj.（尤指在琐事上）饶舌的,0.0,8.0
disconcert,v.使不安；使困惑；使尴尬,1.0,2.0
dull,v.减轻；（使）变麻木；使迟钝；使不活泼adj.枯燥无味的；沉闷的；无聊的；不明亮的,2.0,2.0
apathy,n.冷漠；淡漠,1.0,1.0
impetus,n.动力；推动；促进；刺激,0.0,1.0
demur,v.表示反对；提出异议；拒绝n.反对,0.0,2.0
indolent,adj.懒惰的；懒散的；好逸恶劳的,0.0,1.0
facetious,adj.乱引人发笑的；不问场合耍聪明的,0.0,3.0
coagulate,v.(使)凝结；(使)成一体；凝聚；使…凝固n.凝块；凝聚体,0.0,0.0
judicious,adj.审慎而明智的；明断的；有见地的,1.0,0.0
meddle,v.干预；干涉；管闲事；瞎搞,0.0,5.0
wary,adj.（对待人或事物时）小心的,0.0,1.0
exultant,adj.欢欣鼓舞的；兴高采烈的；得意扬扬的,0.0,1.0
promulgate,v.传播；颁布；传扬；宣传,0.0,0.0
chic,"n.时髦；〈外,口〉(美术上的)独创风格adj.时髦的；优雅的；雅致的",0.0,2.0
moralistic,adj.是非观念坚定的；道学的；说教的,2.0,0.0
florid,adj.红润的；过分装饰的；过多修饰的,0.0,0.0
prepossessing,adj.外表吸引人的；妩媚的；漂亮的,0.0,3.0
delimit,v.界定；定…的界限；限定,16.0,28.0
tactic,n.策略；战术,12.0,0.0
aphorism,n.格言；警句,0.0,1.0
discursive,adj.东拉西扯的；离题的；不着边际的,0.0,5.0
sloth,n.懒散；树懒（南美洲热带动物，行动缓慢）；怠惰,0.0,1.0
watershed,n.分水岭；转折点；分水线；分水界,0.0,3.0
extenuate,v.掩饰(坏事)；(用借口来)减轻(罪过)；藐视；〈古〉使细弱,0.0,3.0
fulminate,n.【化】雷酸盐；雷汞v.愤怒谴责；怒斥,0.0,0.0
dismantle,v.拆开；取消,0.0,1.0
mold,n.模具；霉；霉菌；铸模v.塑造；对…影响重大；将…塑造成；吻合abbr.(=mould),0.0,0.0
awry,adj.歪斜的adv.扭曲地,0.0,2.0
vile,adj.糟糕透顶的；可恶的；极坏的；邪恶的,1.0,0.0
countermand,n.(下反对命令)取消(前一命令)；撤回；改变定货v.(下反对命令)取消(前一命令)；调回；改变定货,0.0,0.0
cripple,n.跛子；残疾人；瘸子；伤残人v.使残废；使跛；使成瘸子；严重毁坏（或损害）,0.0,3.0
modish,adj.时髦的；流行的,0.0,0.0
eloquence,n.口才；雄辩；雄辩术；修辞法,0.0,5.0
viable,adj.可实施的；切实可行的；可生存的；能独立发展的,0.0,0.0
pluralism,n.多元化,1.0,2.0
interloper,n.闯入者；干涉者,2.0,7.0
gaiety,n.快乐；愉快；高兴,0.0,4.0
withstand,v.承受；经受住；抵住；顶住,0.0,0.0
covenant,n.协议；公约；(上帝对信徒的)圣约v.缔结盟约,0.0,0.0
foil,n.箔；【船】(船艇的)水翼；陪衬物；【体】花剑v.衬托；阻止；挫败；【猎】搅乱,0.0,0.0
purview,n.权限；(法令等的)范围；视界；【法】要项,0.0,7.0
compartmentalize,v.划分；分隔；隔开,0.0,0.0
deterministic,adj.确定性；决定性的；必然,1.0,2.0
grandiloquent,adj.卖弄辞藻的；言辞浮夸的,0.0,5.0
callow,adj.幼稚无经验的；未谙世事的n.〈外〉低湿的牧场,0.0,1.0
dormant,adj.休眠的；蛰伏的；暂停活动的,1.0,2.0
animadversion,n.批评,0.0,0.0
primeval,adj.远古的；原始的；出于原始天性的,0.0,1.0
spendthrift,adj.乱花钱的；浪费的n.花钱无度的人；挥霍者,0.0,0.0
aspire,v.渴望（成就）；有志（成为）,0.0,0.0
substratum,n.（尤指岩石或土壤的）下卧层；底土层,0.0,0.0
oracle,n.预言；先知；神谕；(古希腊的)神谕宣示所,1.0,0.0
arrest,n.逮捕；拘捕；停止；中止v.逮捕；阻止；拘留；中止,3.0,1.0
feat,n.功绩；技艺；武艺；英勇事迹adj.灵巧的；整洁的；合适的,0.0,4.0
expurgate,v.删除…中的不当之处；略去…中的不雅之处,0.0,1.0
attune,v.调(音)；使调和,0.0,3.0
frail,adj.瘦弱的；易损的；易碎的n.少妇；灯心草篓；灯心草篓的容量,0.0,2.0
stupefy,v.使惊讶（或惊呆、思维不清、神志不清）,0.0,0.0
corpus,n.语料；文集；〈正式〉全集；【语】语料库,0.0,0.0
inborn,adj.天生的；先天的,0.0,3.0
ecumenical,adj.基督宗教合一的；大公的,0.0,0.0
degenerative,adj.退行性的,1.0,2.0
ignoble,adj.卑劣的；不诚实的；不光彩的,0.0,2.0
nefarious,adj.罪恶的；不道德的,0.0,3.0
incalculable,adj.极大的；不可计算的；不可估量的,1.0,0.0
interminable,adj.冗长的；没完没了的,0.0,1.0
boo,int.（对演员、讲话者等表示不满）嘘；（惊吓他人的声音）乒n.粉蓝烟草；〈美俚〉大麻v.发嘘声；喝倒彩,5.0,0.0
hermetic,adj.密封的；不透气的；封闭的；不受外界影响的,14.0,8.0
miscellaneous,adj.混杂的；各种各样的,1.0,0.0
elliptical,adj.省略的；隐晦的；椭圆的；椭圆形的,0.0,3.0
lapse,v.失效；期满终止；衰退；衰弱n.疏忽；小错；（两件事发生的）间隔时间；行为失检,0.0,1.0
sacred,adj.上帝的；神的；神圣的；受尊重的,1.0,1.0
enumerate,v.枚举；列举,2.0,0.0
instigate,v.煽动；鼓动；使（正式）开始；使发生,1.0,2.0
putative,adj.推定的；认定的；公认的,0.0,1.0
invective,n.辱骂；咒骂adj.诽谤的,0.0,3.0
slump,n.衰退；锐减；萧条期v.猛跌；重重地坐下（或倒下）,0.0,8.0
preconceived,adj.事先形成的；预想的,0.0,0.0
nominal,adj.名义上的；有名无实的；很小的；象征性的n.名词性的词,0.0,0.0
caterwaul,n.猫的叫春声v.（猫）号叫,0.0,1.0
episodic,adj.偶尔发生的；不定期的；由松散片段组成的；有许多片段的,0.0,4.0
conversant,adj.通晓的；熟悉的,0.0,0.0
bane,n.祸根,0.0,0.0
compliment,v.赞美；称赞；钦佩n.称赞；赞扬；致意；问候,44.0,0.0
betoken,v.预示；表示,0.0,4.0
commendation,n.赞扬；称赞；嘉许；赞成,0.0,2.0
sententious,adj.多格言警句的；（尤指）说教式的,0.0,1.0
cult,n.崇拜；（有极端宗教信仰的）异教团体；宗教习俗adj.受特定群体欢迎的；作为偶像崇拜的,3.0,1.0
gild,n.同“guild”；(互助性质的)协会；同业公会；【植】依赖植物集团v.使如金子般生光（或生辉、生色）；给…镀金；涂金于,0.0,0.0
supple,v.使柔软；使顺从；驯(马)；变柔软adj.灵活的；柔韧性好的；易弯曲的；柔韧的,0.0,3.0
ration,n.定量；（给战士或食品短缺地区的人提供的）定量口粮；正常量；合理的量v.配给；限定…的量；定量供应,1.0,0.0
reckon,v.认为；想；估计；计算,48.0,14.0
snob,n.势利小人；谄上欺下的人；自以为优越的人；自命高雅的人,0.0,3.0
adulterate,v.掺假adj.搀假的；伪的；通奸的,2.0,3.0
revamp,v.〈非正式〉改造；修改；翻新；修补n.改造；〈非正式〉改组；改建,0.0,0.0
superstition,n.迷信；迷信观念（或思想）,1.0,1.0
dogma,n.教条；信条；教义；教理,2.0,4.0
compensate,v.补偿；弥补；给（某人）赔偿（或赔款）,0.0,1.0
encapsulate,v.压缩；简述；概括,4.0,0.0
flagrant,adj.骇人听闻的；公然的；罪恶昭彰的,1.0,2.0
paralyze,vt.使瘫痪，使麻痹；（尤指由于恐慌或害怕）使丧失思维（或活动）能力；使不能正常运作；使陷入瘫痪,3.0,0.0
importunate,adj.再三要求的；纠缠不休的,0.0,1.0
muse,v.沉思；冥想；沉思地自言自语n.（作家、画家等的）灵感；创作冲动的源泉,0.0,0.0
sardonic,adj.轻慢的；轻蔑的；嘲弄的,0.0,2.0
dodge,v.避开；躲开；闪开；（尤指不诚实地）逃避n.推脱的计策；逃避的诡计；骗人的伎俩,0.0,1.0
actionable,adj.可予起诉的；可提起诉讼的,0.0,0.0
radicalism,n.激进主义,3.0,0.0
distend,v.肿胀,0.0,2.0
conspiracy,n.密谋策划；阴谋,12.0,0.0
inveigle,v.引诱；哄骗；骗取,0.0,3.0
annotate,v.注释,1.0,0.0
pellucid,adj.清澈的；清晰的,0.0,7.0
stymie,v.阻碍；阻挠；阻止；妨碍n.(=stimy)妨碍(计划等)  阻碍,0.0,1.0
outstrip,v.超过；胜过；超越；比…大（或重要等）,1.0,1.0
braggart,n.吹牛大王；自吹自擂者adj.自夸自大的,0.0,0.0
disjointed,adj.脱节的v.disjoint的过去式和过去分词形式,2.0,2.0
tweak,n.拧；扭；扯；（对机器、系统等的）轻微调整v.拧；扭；扯；稍稍调整（机器、系统等）,2.0,0.0
plague,n.瘟疫；死亡率高的传染病；祸患v.困扰；折磨；给…造成长时间的痛苦（或麻烦）；使受煎熬,4.0,0.0
ruthless,adj.残酷无情的；残忍的,0.0,0.0
maroon,n.褐红色；紫褐色；（海上作为信号的）鞭炮adj.紫褐色的；褐红色的v.困住；使无法逃脱,0.0,2.0
dwarf,n.侏儒；矮子；（神话中会魔法的）小矮人v.使显得矮小；使相形见绌adj.矮小的,1.0,1.0
diurnal,adj.日间活动的；昼行性的；周日的n.日记；【宗】每日祈祷书,0.0,2.0
rive,v.撕开；拧去 (from； away； off)；使烦恼；分裂n.裂罅；碎片,0.0,0.0
euphonious,adj.悦耳的；动听的；和谐的,0.0,4.0
compulsory,adj.（因法律或规则而）必须做的,0.0,3.0
succumb,v.屈服；屈从；抵挡不住（攻击、疾病、诱惑等）,0.0,3.0
lush,adj.多汁的；味美的；青葱的；草木茂盛的n.酒；醉汉v.(使)喝醉,0.0,0.0
snappish,adj.爱咬人的(狗等)；暴躁的,0.0,3.0
inherit,v.继承（金钱、财产等）；经遗传获得（品质、身体特征等）,1.0,0.0
overwrought,adj.过度紧张的；过分忧烦的；紧张激动的,0.0,0.0
aver,v.断言；确认,1.0,0.0
forsake,v.抛弃；摒弃,0.0,0.0
unflappable,adj.镇定的,0.0,2.0
defame,v.诬蔑；诽谤；中伤,2.0,1.0
harrowing,adj.恐怖的；令人肠断的；使人十分难过的,0.0,2.0
renegade,n.叛徒；叛逆者；背叛者；变节者v.变节；脱党；背教adj.变节的,0.0,1.0
additive,adj.附加的；【化】加成的；【数】加法的；加性的n.（尤指食品的）添加剂,0.0,1.0
cataclysmic,adj.灾难的，浩劫的,1.0,1.0
polymath,n.博学家；博学大师,1.0,2.0
capitulate,v.屈从；投降；屈服,0.0,3.0
synopsis,n.提要,1.0,0.0
bemuse,v.使迷迷糊糊；使发呆；使着迷,0.0,2.0
levelheaded,adj.头脑冷静的；清醒的,0.0,1.0
prelude,n.前奏；前奏曲；序幕；先声v.开头；为…作序；成为…的前兆；成为…的序曲[序幕],1.0,3.0
deify,v.把（某人）奉若神明；把（某人）尊为神；崇拜,0.0,6.0
scintillating,adj.才华横溢的,0.0,4.0
brackish,adj.咸的；太咸的,1.0,2.0
perquisite,n.特权；利益,1.0,0.0
jurisprudence,n.法学；法律学,4.0,1.0
untrammeled,adj.自由自在的；无阻碍的,0.0,4.0
slender,adj.苗条的；纤细的；窄的；微薄的,3.0,0.0
appurtenance,n.附属物；附加物,0.0,2.0
fervent,adj.热情的；热忱的；热诚的；热烈的,0.0,0.0
fertile,adj.肥沃的；富饶的；能生育的；可繁殖的,0.0,4.0
render,v.提供；给予；提交；翻译n.粉刷；【建】(墙壁的)初涂；抹灰；精制油,2.0,1.0
absolutism,n.专制制度；专制政体；绝对原则,19.0,3.0
backtrack,v.原路返回；折回；折返；（屈于压力而）改变声明（或主张）,0.0,3.0
allure,v.诱惑n.吸引力；诱惑力；引诱力,1.0,1.0
loophole,n.空子,0.0,1.0
unitary,adj.集中的；统一的；中央集权制的；单一的,6.0,0.0
doctrinaire,adj.空谈理论的；脱离实际的；教条主义的n.空谈理论的人,0.0,0.0
oversight,n.疏忽；失察；忽略；负责,1.0,2.0
acquisitive,adj.渴求获取财物的；贪婪的,0.0,3.0
mannered,adj.矫揉造作的；不自然的；态度…的；举止…的,2.0,1.0
mire,n.淤泥；污辱；酸沼v.使溅满泥泞；使为难；陷入泥坑；进退不得,0.0,6.0
caveat,n.警告；告诫,2.0,10.0
prone,adj.易于遭受；有做（坏事）的倾向；有做…倾向的；易于遭受…的,3.0,0.0
compose,v.组成；作曲；创作（音乐）；撰写（信函、讲稿、诗歌等）,2.0,3.0
drastic,adj.极端的；急剧的；严厉的；猛烈的,1.0,0.0
recourse,n.求助；依靠；依赖,0.0,1.0
munificent,adj.极慷慨的,0.0,1.0
acme,n.顶点；顶峰；典范,0.0,3.0
presuppose,v.姑且认为；假设；以…为前提；依…而定,0.0,0.0
recoil,v.反冲；退缩；畏缩；对…作出厌恶（或恐惧）的反应n.反冲；（尤指枪炮的）后坐力,0.0,5.0
impart,v.传授；透露；通知；把（某性质）赋予,0.0,5.0
captious,adj.吹毛求疵的；(评论等)恶意的；强词夺理的,0.0,3.0
heed,n.注意v.注意,2.0,8.0
plod,n.劳苦；沉重的脚步[脚步声]v.艰难地行走；吃力地行进,0.0,6.0
unflinching,adj.不屈不挠的；果敢的；坚定的；不畏缩的,0.0,3.0
earring,n.耳环；耳饰,1.0,2.0
Ploy,n.策略；手法；花招；计谋,0.0,1.0
ethereal,adj.优雅的；轻飘的；缥缈的；超凡的,1.0,11.0
purport,n.大意；主旨；主要意思v.自称；标榜,0.0,0.0
vapid,adj.乏味的；枯燥的；愚蠢的,0.0,5.0
detest,v.讨厌；厌恶；憎恨,0.0,5.0
etiolate,v.使(叶子等)变白；使变苍白；使衰弱；使(工业等)萎靡,8.0,15.0
relentless,adj.不停的；持续强烈的；不减弱的；不放弃的,0.0,1.0
modicum,n.少量,0.0,2.0
bereaved,adj.丧失亲友的n.死者的亲友,1.0,3.0
belligerent,adj.好斗的；寻衅的；挑衅的；参战的n.交战国；交战团体,0.0,4.0
flummox,v.使困惑；使糊涂n.失败,0.0,1.0
appreciable,adj.足以认为重要的；可观的,0.0,2.0
anthropogenic,adj.人为的；人类起源的；人类发生的；人类的,0.0,3.0
sap,n.（植物体内运送养分的）液；笨蛋；易上当的人v.使虚弱；削弱；逐渐破坏abbr.(=semi-armour-piercing)半穿甲,0.0,3.0
anthropocentrism,n.人类本位说；人类中心论；人类中心说,6.0,4.0
anthropomorphic,adj.人格化的；拟人化的,0.0,3.0
embolden,v.鼓励；〈正式〉壮胆子,0.0,0.0
pejorative,adj.贬损的；轻蔑的n.【语】轻蔑语,0.0,3.0
chameleon,n.〈比喻〉变色龙；【动】变色龙；变色蜥蜴；反复无常的人,0.0,0.0
attentive,adj.注意的；专心的；留心的；关心的,0.0,1.0
scotch,"v.挫败；阻止；平息；终止adj.苏格兰(人,语)的；俭约的；节俭的；朴素的n.浅刻；轻伤；玩儿童跳格游戏  时地上划的线；车辖",0.0,0.0
sleight,n.奸诈；策略；技巧,0.0,1.0
inordinate,adj.过度的；过分的；超乎预料的,0.0,0.0
rant,v.咆哮；怒吼；大声抱怨n.怒吼；大话；叫喊；〈英〉欢嚷吵闹,0.0,2.0
threadbare,adj.穿旧的；磨薄的；破旧的；老一套的,0.0,5.0
admonish,v.告诫；责备；警告；力劝,0.0,2.0
occult,adj.神秘的；玄妙的；超自然的；不可思议的v.【天】(使)掩(星)；掩蔽；(使)变暗n.神秘的事物；玄机,0.0,1.0
atomize,v.使分裂成原子；使粉碎；使成微粒；使雾化,6.0,2.0
friable,adj.脆的；易碎的；易粉碎的,0.0,2.0
crab,n.蟹；螃蟹；蟹肉；阴虱病v.捕蟹；用爪抓；使侧航；使斜行,0.0,2.0
remiss,adj.疏忽；懈怠；玩忽职守,0.0,4.0
extant,adj.尚存的；现存的,0.0,1.0
allegory,n.寓言；讽喻；寓言体；讽喻法,0.0,0.0
wobble,n.摇晃；(失去信心带来的)犹豫；犹豫不决；信心动摇v.摇晃；失去信心；(声音)颤抖；信心动摇,7.0,21.0
chagrin,n.失望；恼怒；烦恼；懊恼v.使悔恨,0.0,3.0
omission,n.省略；遗漏；疏忽；删除,0.0,0.0
otiose,adj.多余的；无用的,0.0,7.0
polished,adj.抛光的；磨光的；擦亮的；优雅的v.“polish”的过去式和过去分词,0.0,4.0
epilogue,n.尾声；跋,0.0,0.0
appetizing,adj.开胃的；引起食欲的；使渴的,0.0,0.0
predicament,n.困境；尴尬的处境；窘境,0.0,2.0
simper,n.傻笑；假笑v.矫揉造作地笑；扭捏作态地笑,0.0,4.0
foreclose,v.（因抵押人未如期还贷）取消（抵押品）赎回权；排除…的可能,0.0,3.0
redolent,adj.使人想到；使人联想起；有…的强烈气味,0.0,1.0
proficient,n.专家；能手；老手adj.熟练的；精通的,1.0,1.0
favoritism,n.徇私,1.0,1.0
mediate,v.调解；调停；斡旋；找到（解决分歧的）方法adj.要靠媒介的；间接的；〈罕〉中间的,1.0,2.0
hunch,n.预感；直觉v.弓身；弓背；耸肩,0.0,3.0
generosity,n.慷慨；宽宏大量；大方,0.0,0.0
insidious,adj.潜伏的；隐袭的；隐伏的,3.0,2.0
ravenous,adj.极其饥饿的；严重的；十分的,0.0,0.0
quaint,adj.稀奇古怪的；古雅的,0.0,1.0
humdrum,n.单调；无聊的话；无聊的人adj.乏味的；单调的v.单调地动作,0.0,0.0
quirk,n.怪癖；怪异的性格（或行为）；（尤指偶发的）怪事v.突然扭曲（嘴或眉毛）；撇嘴；扬眉；皱眉,0.0,0.0
kinetic,adj.运动的；运动引起的,1.0,1.0
causality,n.因果关系；因果律（或性）,0.0,0.0
pesky,adj.恼人的；讨厌的,0.0,4.0
insurrection,n.起义；暴动；叛乱,1.0,1.0
unseemly,adj.不礼貌的；不得体的；不相宜的,1.0,4.0
madcap,adj.鲁莽的；狂妄的；不明智的n.鲁莽的人,1.0,1.0
glean,v.四处搜集（信息、知识等）,0.0,2.0
dictate,v.决定；口述；支配；强行规定n.规定；命令,0.0,2.0
narcissistic,adj.自恋的,7.0,2.0
saddle,n.马鞍；（自行车或摩托车的）车座；（动物的）脊肉v.给（马）备鞍,0.0,2.0
plume,n.羽毛；飘升之物；翎；（常用作饰物的）连在一起的羽毛v.自夸；借衣服装饰；(鸟)整理(羽毛)；用羽毛装饰,0.0,1.0
naturalism,n.自然主义（文学、艺术以反映现实为宗旨）,1.0,0.0
commodify,vt. 使商品化,0.0,0.0
cater,"n.(骰子,纸牌的)四点v.承办餐宴",1.0,0.0
ebb,v.衰退；落；衰弱；减退n.退潮；落潮,1.0,5.0
chasten,v.使内疚；使懊悔,0.0,4.0
feeble,adj.虚弱的；衰弱的；无效的；缺乏决心的,0.0,1.0
wallow,v.放纵；沉湎；（为保持凉爽或嬉戏在烂泥、水里）打滚n.（在烂泥或水里的）打滚嬉戏,0.0,1.0
enmity,n.敌意；敌对；仇恨,0.0,2.0
convivial,adj.（气氛或性格）欢快友好的,0.0,2.0
tinker,n.补锅匠v.（尤指不起作用地）小修补,8.0,1.0
augur,v.预示；占卜；预言n.(古罗马的)卜占官；卜占师；预言者,0.0,0.0
ferret,v.搜寻；用雪貂(把兔等由隐藏处)驱出n.【动物；动物学】(猎兔用的)白鼬,0.0,0.0
alternate,v.交替；轮流；使交替；使轮流n.代理人；代替者；候补者adj.交替的；轮流的；间隔的；每隔（…天等）的,1.0,0.0
touchstone,n.试金石；检验标准,1.0,2.0
euphemism,n.委婉语；委婉说法,7.0,8.0
conductive,adj.导电（或热等）的；能传导（电、热等）的,17.0,5.0
slapdash,n.草率；鲁莽；草率做成的东西adj.仓促马虎的；毛躁的；潦草的v.乱做；瞎做；草拟,0.0,5.0
jovial,adj.快乐的；愉快的；友好的,0.0,10.0
marshal,n.空军元帅；司仪；典礼官；（美国法院的）执行官v.结集；收集；安排；控制人群,2.0,1.0
effete,adj.衰弱的；衰败的；丧失权力的；软弱的,0.0,1.0
sift,v.筛（面粉或颗粒较细的物质）；细查；详审；区分,0.0,3.0
retreat,v.撤退；退却；后退；退缩n.撤退；退却；退缩；退避,0.0,0.0
superannuation,n.（通常由原雇主发的）退休金,0.0,0.0
cavil,v.挑剔；无端抱怨；吹毛求疵n.无端指摘,8.0,2.0
prurience,n.好色；热望,0.0,2.0
dabble,v.涉猎；涉足；浅尝；玩水,0.0,10.0
exonerate,v.宣布（某人）无罪；免除责任,0.0,0.0
pinnacle,n.顶峰；顶点；鼎盛时期；（建筑物）尖顶v.使成小尖塔形；把…放在高处,0.0,8.0
somnolent,adj.瞌睡的；困倦的；睡意蒙眬的；催眠的,0.0,9.0
deadpan,adj.没有表情的adv.没有表情地n.一点也不笑的丑角,0.0,1.0
inaugurate,v.开创；为（某人）举行就职典礼；为…举行落成仪式（或创建仪式）；引进,0.0,2.0
subsidiary,n.子公司；附属公司adj.辅助的；附带的；次要的；附属的,0.0,1.0
exact,adj.精确的；准确的；严谨的；严格的v.要求；索取；迫使；强迫,0.0,0.0
prestige,n.声望；威望；威信adj.令人敬仰的；受尊重的；重要的；名贵的,0.0,1.0
strew,v.把…布满（或散布在）；在…上布满（或散播）；撒满；散播在…上,0.0,0.0
maudlin,adj.（尤指醉酒时）言语伤感的；渲染感情的；煽情的n.脆弱的感情,0.0,4.0
collective,adj.集体的；共有的；共同的；全体成员的n.企业集团；合作农场；集体企业,49.0,2.0
expiation,n.抵偿,0.0,2.0
qualm,n.（对自己行为的）顾虑,0.0,2.0
enshrine,v.把（法律、权利等）奉为神圣；把…庄严地载入,0.0,3.0
perfidious,adj.不可信任的；背叛的；不忠的,0.0,4.0
oratory,n.讲演术；雄辩术；（私人）祈祷室,0.0,1.0
adjacent,adj.与…毗连的；邻近的,5.0,0.0
compunction,n.内疚；愧疚,0.0,3.0
pertinacity,n.顽固,0.0,1.0
solace,n.安慰；慰藉；给以安慰的人（或事物）v.安慰；缓和；使高兴,0.0,1.0
remediable,adj.可解决的；可治愈的,0.0,5.0
turgid,adj.枯燥无味的；晦涩难懂的；肿胀的；膨胀的,0.0,3.0
lackluster,adj.无光泽的；无生气的,0.0,1.0
intimidate,v.威胁；恐吓,1.0,3.0
obstreperous,adj.喧闹的；桀骜不驯的；任性的,0.0,1.0
panoply,n.巨大的数量（或收藏品）,0.0,1.0
calumny,n.诬蔑；诽谤（的行为）,0.0,2.0
gamble,n.赌博；冒险；打赌v.打赌；冒风险；碰运气；以…为赌注,4.0,0.0
spike,n.穗；穗状花序；猛增；尖状物v.用尖物刺入（或扎破）；在…中偷偷掺入（烈酒、毒药或毒品）,0.0,0.0
shroud,n.寿衣；裹尸布；覆盖物；遮蔽物v.覆盖；隐藏；遮蔽；隐瞒,0.0,2.0
affinity,n.类同；喜好；喜爱；密切的关系,2.0,1.0
bizarre,adj.离奇的；奇特的；奇怪的,0.0,0.0
iridescent,adj.色彩斑斓闪耀的,0.0,2.0
incessant,adj.不停的；持续不断的,0.0,2.0
deduce,v.推断；演绎；推论,0.0,8.0
premise,n.前提；假定v.假定；预述(条件等)；引导(论述等)；提出…作为前提[条件],0.0,3.0
cower,v.畏缩,0.0,2.0
prompt,n.提示；提示符v.提示；促使；激起；导致adj.迅速；敏捷；准时；立即的adv.准时地,0.0,1.0
hobble,"v.蹒跚；跛行；捆绑（马等的）两腿（以防其走失）；阻止n.跛行；韵律不全的诗；马的脚绊；〈口,方〉困境",0.0,0.0
court,n.法院；宫廷；院子；求婚v.追求；求婚；寻求；吸引,3.0,0.0
forswear,v.放弃；发誓戒除,3.0,2.0
freewheeling,n.单向转动；空转；惯性滑行adj.随心所欲的；无拘无束的,0.0,2.0
preposterous,adj.荒唐的；极不合情理的；怪诞的；离奇古怪的,0.0,1.0
extrinsic,adj.非固有的；非本质的；外在的；外来的,0.0,1.0
revisionist,adj.修正主义的n.修正主义者,3.0,0.0
hamstring,n.腘绳肌腱；大肌腱v.妨碍；使不能正常工作（或行动）,11.0,13.0
quizzical,adj.诧异的；感到好笑的,1.0,8.0
outcompete,vt. 超过；(在竞争中)胜出,2.0,4.0
accrue,v.（逐渐）增长；积累（钱款或债务）,0.0,1.0
sectarian,n.宗派主义者；某宗派[教派]成员adj.（宗教）教派的,0.0,3.0
pare,v.削皮；逐步减小（体积或数量）；使缩小；修剪（指甲等）n.佩尔(斯),0.0,6.0
disquisition,n.专题演讲；专题论文；专题报告,0.0,2.0
discordant,adj.不一致的；不协调的；不和的；不和谐的,0.0,1.0
archive,n.档案；档案馆；档案室v.把…存档；把…归档；将（不常用信息）存档,2.0,1.0
concordant,adj.一致的；【地】整合的；【乐】协和音的,0.0,4.0
overthrow,v.推翻；打倒；赶下台n.推翻；打倒,0.0,0.0
motley,n.莫特利；杂色；(丑角穿的)杂色衣服；穿着杂色衣服的小丑adj.混杂的；杂七杂八的,0.0,4.0
constitutionality,n.符合宪法,2.0,1.0
contagious,adj.（疾病）接触传染的；患接触性传染病,0.0,2.0
brittle,adj.硬但易碎的；脆性的；脆弱的；尖利的n.薄片脆糖v.变脆,0.0,3.0
limpid,"adj.(液体,气体等)清澈的；清澄的；透明的；透光的",0.0,2.0
gloat,v.幸灾乐祸；沾沾自喜；扬扬得意n.沾沾自喜；得意的注视；爱慕的凝视；垂涎,0.0,1.0
buffer,v.缓存；保护；减缓（伤害）；使不受…的侵害n.缓冲器；缓冲物；起缓冲作用的人；缓存区,2.0,0.0
unkempt,adj.不整洁的；凌乱的；不修边幅的,0.0,0.0
summon,v.召唤；鼓起；召集；传唤,4.0,1.0
wherewithal,adv.〈古〉同“wherewith”n.（做某事的）所需资金,1.0,2.0
quiver,v.颤抖；颤动；发抖；打颤n.颤动；箭袋；冷战；箭筒,0.0,0.0
layperson,abbr.(=layman),0.0,0.0
salvation,n.救恩；得救；救世；（危险、灾难、损失等的）避免方式,4.0,2.0
glib,adj.油腔滑调的；不诚恳的；未经思考的；肤浅的,0.0,3.0
disputation,n.争论；辩论；讨论,5.0,0.0
verbal,adj.文字的；言语的；词语的；口头（而非书面）的n.〈美口〉口供；非限定动词；〈罕〉同“verbal noun”,0.0,0.0
filibuster,v.〈美〉(因发言冗长)妨碍(会议的进程)；掠夺n.（议会中为拖延表决的）冗长演说,0.0,1.0
affiliate,n.分支机构；分公司；附属机构；分会v.使隶属；加入；与…有关；为…工作,0.0,1.0
miserly,adj.吝啬的；小气的；极少的；太小的,0.0,2.0
ponder,v.〈正式〉深思；仔细考虑,0.0,0.0
stark,adj.了无修饰的；荒凉的；粗陋的；严酷的adv.一丝不挂；赤裸n.斯塔克,9.0,3.0
unchecked,adj.不加约束的；不受限制的；放任的,21.0,3.0
oblique,v.倾斜；【军】(成45度)斜进；斜行进adj.斜角；间接的；不直截了当的；拐弯抹角的n.【解】斜肌(尤指腹部的肌肉)；倾斜物；【军】倾斜航空照片adv.【军】以45度角,1.0,2.0
indignant,adj.愤慨的；愤怒的；义愤的,0.0,3.0
iniquity,n.很不公正,1.0,2.0
obeisance,n.景仰；尊敬；忠顺；顺从,0.0,4.0
ineffable,adj.（美好得）难以形容的,0.0,0.0
disproportionate,adj.不成比例的；不相称的；太大（或太小）的,0.0,1.0
monetary,adj.钱的（尤指一国的货币）,1.0,7.0
prosperity,n.繁荣；兴旺；昌盛,2.0,1.0
impromptu,n.即席之作；即席演说；即兴演奏；即兴曲adj.即席的；一触即发的adv.临时地,0.0,0.0
wretched,adj.感到不适的；难受的；不愉快的；极坏的,0.0,0.0
indelible,adj.无法忘记的；不可磨灭的；（笔迹）无法消除的,0.0,0.0
laggard,n.迟钝懒散者；迟缓者；涣散的机构adj.落后的,0.0,1.0
eradicate,v.根除,0.0,1.0
juvenile,adj.少年的；未成年的；幼稚的；不成熟的n.少年,1.0,0.0
exterminate,v.消灭；灭绝；根除,0.0,0.0
palaver,v.闲谈；空谈；哄骗；笼络n.麻烦；琐事；忙乱；空话,0.0,1.0
unconscionable,adj.违背良心的；过分的；过于大（或多、长等）的,0.0,2.0
preordain,v.注定；预先安排,0.0,2.0
boycott,v.抵制；拒绝购买（或使用、参加）n.（对某事物的）抵制,2.0,1.0
malinger,v.装病（尤指为逃避工作）,0.0,1.0
raucous,adj.刺耳的；尖厉的,1.0,1.0
deaden,v.迟钝,0.0,2.0
invidious,adj.讨厌而不公正的；易引起反感的；招人嫉妒的,0.0,2.0
cronyism,n.任人唯亲；任用亲信,0.0,2.0
bromide,n.溴化物（旧时尤用作镇静剂）,0.0,7.0
demanding,adj.要求高的；需要高技能（或耐性等）的；费力的；要求极严的v.“demand”的现在分词,0.0,0.0
seminal,adj.（对以后的发展）影响深远的；精液的；含精液的,0.0,2.0
gratuitous,adj.无正当理由（或目的）的；无谓的,0.0,2.0
entropy,n.无序状态测量法；熵（物资系统的不能用来做功的能量的度量）,2.0,0.0
blandish,v.谄媚,2.0,6.0
redress,v.纠正；矫正；改正n.赔款；损失赔偿,0.0,1.0
novice,n.新手；初学者；初学修士（或修女）；（修会等的）初学生,0.0,3.0
puncture,n.刺伤；（轮胎上刺破的）小孔；（尤指皮肤上被刺破的）扎孔v.在…上扎孔（或穿孔）；（被）刺破；使突然泄气；挫伤（锐气等）,1.0,0.0
vicissitude,n.变迁；人生的沉浮；兴衰枯荣,1.0,9.0
apotheosis,n.神化；鼎盛时期；发展顶峰；完美阶段,2.0,3.0
spate,n.一连串,0.0,7.0
boisterous,adj.热闹的；充满活力的；活蹦乱跳的,0.0,0.0
incorrigible,adj.无法改正的；屡教不改的n.不改悔的人,0.0,1.0
allegiance,n.效忠,2.0,2.0
counterweight,n.砝码；抗衡；平衡重量v.同“counterweigh”,0.0,0.0
redeem,v.赎回；救赎；兑换；兑现,2.0,0.0
ad hoc,adj.临时安排的；特别的；专门的,0.0,0.0
shoddy,adj.做工粗糙的；粗制滥造的；劣质的；奸诈的n.(拿旧货重制的)翻造呢绒；回纺绒线；冒充物；不值钱的东西,0.0,3.0
anatomize,v.解剖；分析,0.0,0.0
verbatim,adj.一字不差的（地）；逐字的（地）adv.逐字(的)n.逐字报告,0.0,1.0
philistine,adj.市侩的；没有文化教养的；实利主义的；腓力斯人的n.对文化艺术无知的人；文化修养低的人,4.0,3.0
symptomatic,adj.作为症状的；（有）症状的；作为征候的,0.0,2.0
desultory,adj.漫无目的的；无条理的；随意的,0.0,1.0
disinterested,adj.客观的；无私的；公正的；无兴趣的,0.0,0.0
sonorous,adj.雄浑的；浑厚的,0.0,3.0
mercifully,adv.仁慈地；（不幸中）幸运地；宽大地,11.0,0.0
posit,v.假设；认定；认为…为实n.安置；论断,32.0,16.0
murky,adj.浑浊的；污浊的；昏暗的；阴暗的,1.0,3.0
epistle,n.宗徒书信（《圣经 ) 新约》书卷）,0.0,5.0
interlace,v.（使）编结,0.0,0.0
dour,adj.冷酷的；严厉的；令人不快的；无生气的,0.0,3.0
discrepancy,n.差异；不符合；不一致,0.0,10.0
claustrophobic,adj.引起幽闭恐怖的；患幽闭恐怖症的n.幽闭恐怖症患者,40.0,4.0
vengeful,adj.心存报复的；图谋复仇的,0.0,3.0
dejected,adj.沮丧的；情绪低落的；垂头丧气的,0.0,5.0
belabor,v.猛烈攻击；狠狠责备；啰啰嗦嗦地说明；〈古〉痛打,0.0,0.0
sequester,n.【化】螯合剂v.隔离（避免陪审团与公众接触）,0.0,1.0
fawn,v.讨好；巴结；恭维n.浅黄褐色；（不足一岁的）幼鹿adj.浅黄褐色的,0.0,2.0
level,n.水平；级别；层次；程度v.对准；使平坦；使平整；夷平（建筑物或树林）adj.平的；平坦的；等高的；地位相同的adv.准确；平坦地；和…成水平；势均力敌地,9.0,1.0
nugatory,adj.无目的的；无价值的,0.0,7.0
patriotism,n.爱国主义；爱国精神,3.0,0.0
fortitude,n.刚毅,1.0,4.0
sovereignty,n.主权；最高统治权；最高权威；独立自主,1.0,1.0
aloof,adj.冷淡；冷漠adv.离开；【航】向上风方向,0.0,2.0
forensic,adj.法医的；法庭的；与法庭有关的；用于法庭的n.辩论练习；辩论术,0.0,3.0
cohesive,adj.结成一个整体的；使结合的；使凝结的；使内聚的,2.0,3.0
genial,adj.友好的；亲切的；欢快的,0.0,4.0
overreach,v.贪功致败；不自量力,0.0,2.0
croon,n.低唱[哼]；单调的哼歌曲声；低声哼的感伤性流行歌曲v.低声哼唱,0.0,6.0
addiction,n.瘾；嗜好；入迷,0.0,0.0
raillery,n.善意的玩笑；戏谑；逗趣,0.0,0.0
opulent,adj.豪华的；富丽堂皇的；华丽的；极富有的,0.0,1.0
vehement,adj.（感情）强烈的；（尤指）愤怒的,0.0,2.0
purge,v.清除；净化（心灵、风气等）；涤荡（污秽）n.清除,1.0,0.0
foreboding,n.（对不祥或危险事情的）强烈预感,0.0,4.0
beholden,adj.感谢；欠人情,0.0,0.0
avarice,n.贪得无厌,1.0,5.0
devious,adj.不诚实的；不直率的；欺诈的；迂回的（路线）,3.0,4.0
whine,v.哭哭啼啼；哀鸣；哭嚷；惨叫n.嘎吱声；吱吱声；嘎嘎声；（儿童发出的）哭喊声,0.0,1.0
placid,adj.温和的；平和的；文静的；平静的,0.0,2.0
reproach,v.责备；自责；指责；批评n.责备；羞耻；批评；责备的话语,0.0,0.0
rattle,n.拨浪鼓；一连串短促尖厉的撞击声；咔嗒声v.（使）发出咔嗒咔嗒的声音；（运行时）发出连续短促的高声；使紧张,0.0,6.0
ersatz,adj.代用的n.[德语]代用品,0.0,0.0
shirk,n.逃避者；偷懒者v.逃避（工作）；躲懒,0.0,1.0
adumbration,n.勾画；草图；阴影；预示,0.0,0.0
override,v.凌驾；（以权力）否决；比…更重要；超驰控制,2.0,0.0
prevail,v.流行；盛行；战胜；压倒,0.0,6.0
discard,v.丢弃；抛弃；垫（牌）；打出（无用的牌）n.被抛弃的人（或物）；（尤指纸牌游戏中）垫出的牌,0.0,0.0
foreknowledge,n.预知；事先知道,0.0,1.0
agenda,n.议事日程,0.0,1.0
demagogue,n.蛊惑民心的政客,0.0,1.0
gauge,n.厚度；标准；测量仪器（或仪表）；计量器v.估计；判定；估算；（用仪器）测量,0.0,9.0
effrontery,n.厚颜无耻的行为；傲慢鲁莽的举止,0.0,0.0
quintessence,n.精髓；精华；典范；范例,2.0,2.0
cherub,n.小天使（常被绘为有翅膀的胖男孩）；可爱的小孩；乖小孩,0.0,4.0
vernal,adj.春季的,0.0,5.0
mushroom,n.蘑菇；蕈；伞菌adj.蘑菇形的；雨后蘑菇似的；蘑菇一般短命的v.快速生长；迅速增长；采蘑菇,1.0,2.0
sabotage,n.人为破坏；故意妨碍；捣乱；刻意阻碍v.蓄意破坏（以防止敌方利用或表示抗议）；刻意阻碍；妨碍；捣乱,0.0,4.0
vaunted,adj.被吹嘘的；被夸耀的v.“vaunt”的过去式和过去分词,0.0,4.0
culmination,n.顶点；巅峰；高潮；终点,0.0,2.0
plucky,adj.勇敢的；有胆量的；刚毅的,0.0,15.0
mesmerize,v.迷住；吸引,0.0,1.0
proselytize,v.使（在宗教、政治等方面）归附,0.0,2.0
superlative,adj.极佳的；卓越的；最优秀的；（形容词或副词）最高级的n.（形容词或副词的）最高级,0.0,1.0
delegate,n.代表；会议代表v.授（权）；把（工作、权力等）委托（给下级）；选派（某人做某事）,2.0,1.0
nurture,v.培养；养育；养护；支持n.培养；养育,2.0,2.0
canned,adj.罐装的；听装的；（电视和电台节目中）预先录制的笑声（或音乐）v.“can”的过去式和过去分词,3.0,1.0
felony,n.重罪；重刑罪,0.0,2.0
negligence,n.过失；疏忽；失职；失误,0.0,2.0
factitious,adj.人为的；虚假的,0.0,2.0
splinter,v.分裂；（使）裂成碎片；分离出来n.（木头、金属、玻璃等的）尖碎片,0.0,5.0
skew,n.斜交；扭曲；【建】斜砌石；【机】歪轮adj.歪的；弯曲的；误用的；曲解的v.歪曲；曲解；使不公允；影响…的准确性,0.0,0.0
apocryphal,adj.流传甚广但不足为凭的；虚构的,0.0,0.0
overarching,adj.非常重要的；首要的；概莫能外的,0.0,10.0
dismal,n.〈口〉忧郁；〈美〉沼地adj.忧郁的；凄凉的；惨淡的；阴沉的,0.0,0.0
synchronize,v.（使）同步,32.0,14.0
boast,n.夸耀；夸口v.自夸；自吹自擂；有（值得自豪的东西）,3.0,0.0
befit,v.适合；对…相称,0.0,1.0
bravado,n.逞能；逞强；（有时）虚张声势,0.0,0.0
demystify,v.使…非神秘化,5.0,3.0
palate,n.腭；味觉；上腭；品尝力,0.0,2.0
lofty,adj.巍峨的；高耸的；崇高的；高尚的,0.0,3.0
symbiosis,n.共生（关系）；合作关系；互惠互利的关系,2.0,0.0
malefactor,n.犯罪分子；作恶的人；道德败坏的人,0.0,3.0
nomad,n.牧民；流浪汉,0.0,0.0
predominant,adj.显著的；明显的；盛行的；占优势的n.【生】特优生物,0.0,2.0
genteel,adj.显得彬彬有礼的；假斯文的；上流社会的；装体面的,0.0,2.0
contrarian,n.（股市中）逆市交易者;adj.违反民意的,8.0,0.0
desiccation,n.干化；〔生〕干燥；干涸；烘干,0.0,1.0
numinous,adj.超自然的；精神上的；神圣的,0.0,1.0
mainstream,n.主流；干流；(河流的)主流v.使…成为主流；将(残障儿童等)纳入正规班级adj.主流的,0.0,1.0
prophetic,adj.正确预言的；有预见的；预言家的；像预言家的,2.0,2.0
unworldly,adj.不慕金钱的；对钱财无兴趣的；不谙世故的；天真的,1.0,2.0
conscience,n.良心；良知；内疚；愧疚,0.0,0.0
anarchy,n.无政府状态；混乱；无法无天,1.0,0.0
transcribe,v.记录；抄录；把…转成（另一种书写形式）；用音标标音,4.0,0.0
recant,v.公开宣布放弃（原先的信仰、观点等）,0.0,2.0
antic,adj.滑稽的；古怪的n.滑稽动作；〈古〉小丑v.做滑稽动作,0.0,1.0
marketable,adj.容易出售的；畅销的；有销路的,0.0,1.0
abound,v.大量存在；有许多,0.0,3.0
panache,n.神气十足；潇洒气质,0.0,2.0
hectic,n.肺病热；肺病热患者；【医】潮红adj.忙碌的；繁忙的,0.0,0.0
strip,n.带；（陆地、海域等）狭长地带；带状水域；队服v.夺；脱掉大部分衣服；扒光…的衣服；进行脱衣表演adj.脱衣舞的；被剥去外皮的,3.0,2.0
myopic,adj.近视眼的；缺乏远见的,2.0,3.0
sleazy,adj.（尤指涉及性行为）肮脏的；不正派的；道德败坏的；堕落的,0.0,1.0
penchant,n.爱好；嗜爱,0.0,1.0
grotesque,adj.怪诞的；荒唐的；荒谬的；丑陋奇异的n.（尤指书画中的）奇形怪状的人；奇异艺术风格,0.0,0.0
consternation,n.惊愕；惊恐,0.0,5.0
verse,n.诗；韵文；诗节；歌曲的段落v.作诗；用诗表现；(把…)写成诗,0.0,1.0
sanctimonious,adj.装作圣洁的；伪善的；道貌岸然的,2.0,1.0
cachet,n.威信；声望,0.0,0.0
dysfunctional,adj.机能失调的；功能障碍的,1.0,1.0
stodgy,adj.吃下去感觉撑的；易饱的；滞涩的；古板的,0.0,2.0
deft,adj.熟练的；灵巧的；机敏的；有技巧的,0.0,2.0
recipe,n.食谱；方法；诀窍；烹饪法,0.0,0.0
fidget,v.坐立不安；烦躁n.坐立不安的人,0.0,1.0
designation,n.名称；指定；称号；选定,2.0,0.0
churlish,adj.粗鲁无礼的；粗野的；脾气坏的,0.0,3.0
effluvia,n.恶臭；臭液；【物】磁素；【无线】无声放电,0.0,1.0
balk,n.障碍；失败；过失；田埂v.畏缩不前；使受挫折；阻碍；避免,0.0,1.0
immerse,v.使浸没于；（使）深陷于,0.0,2.0
arbiter,n.仲裁人；公断人；裁决人；决定者,0.0,0.0
lineage,n.世系；血统；宗系；家系,0.0,1.0
soothsayer,n.占卜者；预言者,0.0,2.0
forage,n.牧草；饲料；粮秣；粮秣的搜索[征发]v.搜索[征发]粮秣；给(马)吃草料；〔古语〕蹂躏；抢劫,0.0,9.0
inoculate,v.（给…）接种,0.0,8.0
variegated,adj.斑驳的；有斑点的；五花八门的；形形色色的,0.0,0.0
overbearing,adj.专横的；飞扬跋扈的,1.0,0.0
conceive,v.构想；设想；想象；怀孕,3.0,0.0
colossal,adj.巨大的；庞大的,1.0,1.0
hallowed,adj.受崇敬的；神圣（化）的,1.0,6.0
chauvinism,n.沙文主义,0.0,1.0
dynamism,n.活力；精力；劲头,3.0,0.0
inexorable,adj.不可阻挡的；无法改变的,0.0,3.0
harness,n.马具；挽具；（用于人，起固定或保护作用的）背带v.控制；给（马等）上挽具；用挽具把…套到…上,5.0,0.0
retroactive,adj.逆动的；反作用的；【法】追溯既往的；补发增加工资的,0.0,1.0
abjure,v.公开保证放弃,1.0,4.0
falsify,v.篡改,0.0,2.0
shelve,v.搁置；把…放在架子（或搁板）上；倾斜；成斜坡,0.0,0.0
popular,adj.受喜爱的；受欢迎的；当红的；通俗的n.大众音乐会,1.0,2.0
scathing,adj.严厉批评的；无情抨击的；尖刻地斥责的,0.0,5.0
mar,v.破坏；毁坏；损毁；损害n.损伤,0.0,3.0
predicate,v.断言；使基于；使以…为依据；表明adj.述语的；谓项的n.谓语（句子成分，对主语加以陈述，如 John went home 中的 went home）,1.0,2.0
oasis,n.（沙漠中的）绿洲；（困苦中）令人快慰的地方（或时刻）；乐土；乐事,0.0,0.0
guarded,adj.谨慎的；有保留的；不明确表态的v.“guard”的过去分词和过去式,4.0,1.0
redeploy,v.调配；重新部署,1.0,0.0
condone,v.容忍；纵容,0.0,2.0
swagger,n.大摇大摆；神气十足v.神气十足地走；大摇大摆地走adj.〈口〉漂亮的,3.0,1.0
equipoise,n.平衡；均势v.使相称；使平衡；使相持不下,0.0,1.0
perverse,"adj.执拗的；任性的；不通情理的n.【数,医】倒错",0.0,3.0
apologist,n.（尤指政治或宗教方面的）辩护者,5.0,3.0
overt,adj.公开的；明显的；不隐瞒的,0.0,4.0
propitiate,v.使息怒,0.0,0.0
astringent,adj.（能使皮肤或伤口）收敛的；尖刻的；辛辣的；微苦而清新的n.收敛药,0.0,3.0
plangent,adj.洪亮的；轰鸣的；哀婉的；凄凉的,1.0,3.0
recast,v.改写；改动；重组；重新安排（演员阵容）n.改铸；重做；再计算；重新分配角色,0.0,2.0
infamy,n.臭名昭著；声名狼藉；恶行；罪恶,0.0,0.0
demonic,adj.恶魔的；魔鬼似的；恶魔般的,0.0,0.0
liability,n.负债；债务；义务；惹麻烦的人（或事）,0.0,0.0
stalwart,adj.忠诚的；忠实的；健壮的；强壮的n.（政党等组织的）忠诚拥护者,0.0,7.0
autocracy,n.专制制度；独裁政体；独裁国家；专制国家,2.0,0.0
omniscient,adj.无所不知的；全知全能的；博闻广识的n.上帝,0.0,4.0
entreat,v.恳求；乞求,0.0,8.0
nudge,n.轻推；(温和的)劝说；讨厌的家伙；【网】(聊天工具的)窗口抖动功能v.用身体的一部分(尤指肘部)轻推；(朝某一方向)逐步推进；劝说,1.0,0.0
ascendance,n.优势,0.0,1.0
charismatic,adj.魅力非凡的；有领导力的；能吸引人为之效忠的；【宗】天赐神力的n.有特恩的基督徒,1.0,4.0
umbrage,n.树阴；叶丛；阴影；不快,0.0,2.0
impound,v.没收；扣押；收押（待领的狗、猫等）,0.0,5.0
leery,adj.猜疑的；谨防的；极力躲避的,6.0,22.0
tether,n.（拴牲畜的）拴绳v.拴（牲畜）,0.0,1.0
incite,v.煽动；鼓动,2.0,3.0
observant,adj.善于观察的；观察力敏锐的；谨慎遵守教规和习俗的n.严守者；【天主】(方济各会)严守教规的修道士,0.0,0.0
establishment,n.建立；确立；机构；创立,1.0,12.0
trumpet,n.喇叭；小号；喇叭形物；（尤指）绽开的水仙花v.宣扬；鼓吹；吹嘘；吼叫,3.0,6.0
fledgling,n.（刚会飞的）幼鸟；初出茅庐的人；无经验的组织；新体系,0.0,1.0
bountiful,adj.大量的；巨大的；慷慨的；大方的,0.0,1.0
unfazed,adj.未受干扰；不担忧的；泰然自若的v.不打扰,0.0,2.0
sumptuous,adj.华贵的；豪华的；奢华的,0.0,2.0
occlude,v.使闭塞；堵塞,0.0,4.0
badger,v.不断督促；不断催促；纠缠n.【动】獾,0.0,0.0
dogged,v.跟踪；笼罩在…心头；弄得…狼狈不堪；被…困扰n.【动】犬；【动】雄性的犬科动物；〈口〉(…样的)家伙adj.顽强的；坚持不懈的,0.0,0.0
acrimony,n.（态度、言辞）尖刻,0.0,0.0
stigma,n.耻辱；羞耻；（花的）柱头,1.0,0.0
baleful,adj.威吓的；吓唬的,0.0,0.0
overturn,v.倾覆；倾倒；翻掉；推翻n.毁灭；推翻；垮台,3.0,0.0
rampant,adj.泛滥的；猖獗的；疯长的,0.0,2.0
petty,n.佩蒂；【会】小额；厕所adj.小的；琐碎的；次要的；小气的,15.0,13.0
pedagogy,n.教育学；教学法,0.0,1.0
squelch,n.镇压；压碎；〈口〉压倒对方的议论[回答]；反驳得对方不再作声v.发吧唧声；制止；压制；遏制,0.0,2.0
tangential,adj.稍微沾边的；离题的；不相干的；正切的,0.0,1.0
prowess,n.非凡的技能；高超的技艺；造诣,1.0,2.0
topple,v.倒下；打倒；推翻；颠覆,0.0,3.0
newfangled,adj.新奇怪异的；时髦复杂的,0.0,4.0
connoisseur,n.鉴赏家；鉴定家；行家,0.0,0.0
burlesque,adj.滑稽的；戏谑的n.滑稽讽刺表演（或作品）；滑稽娱乐（曾经风靡美国，常伴有脱衣舞）v.(以夸张的模仿手法)讥笑；使滑稽化,0.0,1.0
appraise,v.估价；估量；（对某人的工作）作出评价,1.0,0.0
contentment,n.满足；满意；知足；称心,0.0,0.0
slay,v.杀死；杀害；残害；谋杀,0.0,0.0
macabre,adj.可怕的,0.0,1.0
asseverate,v.断言,45.0,17.0
confiscate,v.（尤指作为惩罚）没收,2.0,2.0
regurgitate,v.反刍；使（咽下的食物）返回到口中；照搬；拾人牙慧,0.0,3.0
mandate,v.授权；强制执行；委托办理n.（政府或组织等经选举而获得的）授权；（政府的）任期；委托书；授权令,2.0,1.0
machination,n.阴谋；诡计,5.0,1.0
verdant,adj.嫩绿的；碧绿的；青翠的,0.0,1.0
unprincipled,adj.不道德的,2.0,3.0
accountable,adj.（对自己的决定、行为）负有责任,2.0,0.0
egocentric,adj.以自我为中心的；自私自利的n.自我主义者,0.0,0.0
preempt,v.优先购买；〔建〕预先占用n.〔经〕优先占有,0.0,0.0
subterranean,adj.地下的,0.0,2.0
extrapolate,v.推断；推知；判定；推测,0.0,3.0
decode,v.解（码）；破译（尤指密码）；译解（电子信号）；理解（外文）,3.0,0.0
apothegm,n.格言,0.0,4.0
disjunction,n.分离；分裂,2.0,3.0
bellicose,adj.好争辩的；好斗的；好战的,0.0,3.0
irk,v.使烦恼；激怒,0.0,3.0
annul,v.废除；取消；宣告无效,1.0,10.0
retard,v.阻碍；减缓；使放慢速度n.迟钝的人；弱智,3.0,2.0
purvey,v.提供,47.0,13.0
showmanship,n.主持演出的技巧；演艺艺术；善于表演的技能,1.0,5.0
menace,n.威胁；危险的人（或物）；令人恐怖的氛围；危险气氛v.对…构成危险；危及；威胁到,0.0,1.0
defunct,adj.已故的；不复存在的；灭绝的；倒闭的n.死者；死人,0.0,3.0
exigent,adj.紧急的；(生活)艰苦的；苛求的,0.0,0.0
warble,n.啼啭；颤音；颤音歌唱(法)；唱歌v.（尤指用颤音高声）唱；啭鸣,0.0,5.0
quip,n.妙语；俏皮话v.讥讽；讲俏皮话；嘲弄；打趣,0.0,4.0
erroneous,adj.错误的,0.0,4.0
abomination,n.憎恶；憎恨；令人憎恶的[讨厌的]事物[行为],0.0,3.0
rehash,n.(旧东西的)改作；用旧材料改编的作品v.（稍微改动）重新推出；以新形式表达旧内容,0.0,2.0
gullible,adj.轻信的；易受骗的；易上当的,2.0,11.0
progeny,n.子孙；幼崽；幼兽；幼苗,0.0,3.0
crest,n.顶峰；纹章；山顶；波峰v.到达山顶（或浪峰）；到达洪峰；达到顶点,0.0,1.0
lackadaisical,adj.无精打采的；委靡不振的；懒洋洋的；不热心的,0.0,1.0
stasis,n.停滞；静止,0.0,0.0
hone,v.磨练；想念；用磨刀石磨；磨光n.(细)磨刀石；磨孔机,0.0,2.0
stern,n.艉；〈非正式〉(任何东西的)尾部；英语男子名adj.严厉的；坚定的,0.0,5.0
embroider,v.刺绣；加以渲染（或润饰）；对…添枝加叶,0.0,1.0
fiscal,n.财政年度；财政部长；(苏格兰等的)检察官adj.财政的；国库的；国家岁入的,0.0,3.0
espionage,n.间谍活动；谍报活动；刺探活动,2.0,9.0
slipshod,adj.马虎的；敷衍了事的,0.0,2.0
euphoria,n.（通常指持续时间较短的）极度愉快的心情,0.0,0.0
wistful,adj.伤感的；（对已不可能发生之事）徒然神往的,0.0,2.0
demonstrable,adj.明显的；可表明的；可论证的；可证明的,0.0,2.0
decorum,n.礼貌得体；端庄稳重,0.0,1.0
rote,n.死记硬背,0.0,2.0
obtuse,adj.迟钝的；愚蠢的；态度勉强的,0.0,4.0
prophylactic,adj.预防疾病的n.预防性药物（或器具、措施）,0.0,1.0
circumspect,adj.小心谨慎的；考虑周密的；慎重的,0.0,2.0
perceive,v.认为；意识到；注意到；察觉到,1.0,2.0
avatar,n.【计】头像；代表；【印】化身；阿凡达,1.0,0.0
embitter,v.使怨愤；使沮丧；使苦恼,0.0,2.0
subservient,adj.恭顺的；驯服的；谄媚的；卑躬屈膝的,0.0,2.0
complicity,n.共犯；同谋；勾结,0.0,2.0
liken,v.比作；弄得像…,5.0,5.0
sedition,n.煽动叛乱的言论（或行动）,0.0,4.0
allay,v.减轻（尤指情绪）,0.0,3.0
vestigial,adj.残留的；残余的；退化的,5.0,25.0
agnostic,adj.【哲】不可知论的n.【哲】不可知论者,3.0,3.0
annals,n.年鉴；编年史；历史记载,1.0,0.0
concentric,adj.同心的,0.0,2.0
coruscate,v.闪耀；闪烁；充满活力；朝气蓬勃,0.0,4.0
obloquy,n.公开的抨击；公开的谴责；辱骂；耻辱,1.0,0.0
latent,adj.潜在的；潜伏的；隐藏的n.潜指印,1.0,1.0
blunt,adj.不锋利的；钝的；嘴直的；直言的n.钝器；短粗的针[雪茄烟等]；现钞v.使减弱；使降低效应；使（尖端、刃）变钝,2.0,3.0
circumlocution,n.迂回曲折的说法,5.0,3.0
liberality,n.慷慨；宽容；大方,2.0,1.0
lithe,adj.优美柔软的；易弯曲的；柔韧性好,1.0,2.0
malodorous,adj.恶臭的,0.0,2.0
deter,v.阻止；制止；威慑；使不敢,2.0,3.0
parasite,n.寄生虫；寄生物；寄生植物；依赖他人过活者,1.0,1.0
penitent,n.忏悔者；（尤指宗教）悔罪者adj.忏悔的；后悔的；愧疚的,0.0,1.0
protocol,n.议定书；礼仪；外交礼节；条约草案v.打(草稿)；(把…)记入议定书,2.0,1.0
lull,v.缓和；使放松；使镇静；（使）减弱n.间歇,8.0,5.0
irrevocable,adj.无法改变的；不可更改的,1.0,3.0
curb,v.抑制n.起控制（或限制）作用的事物；（由条石砌成的）路缘,140.0,17.0
revel,n.狂欢；喧闹的庆典v.狂欢作乐,0.0,0.0
execute,v.执行；实施；实行；处死,2.0,0.0
dexterity,n.熟练；灵活,0.0,2.0
heretical,adj.异教的,0.0,5.0
flirt,n.与多人调情的人v.调情,1.0,1.0
devise,v.设计；制定；发明；创造n.【法】遗赠财产的遗嘱(或其中的条款)；【法】遗赠的财产,1.0,0.0
levity,n.轻浮；轻率的举止；轻佻,0.0,1.0
bridle,n.马勒；马笼头v.给（马）套笼头；（尤指傲慢地昂首对…）表示恼怒,1.0,3.0
aristocrat,n.（一个）贵族,2.0,2.0
overdue,adj.未做的；过期的；早该发生的；早应完成的,2.0,0.0
brusque,adj.寡言而无礼的,0.0,3.0
parity,n.（尤指薪金或地位）平等；（两国货币的）平价,0.0,2.0
altercation,n.口角,0.0,0.0
collude,v.勾结；密谋；串通,0.0,2.0
parse,v.（对句子）作语法分析；作句法分析,3.0,2.0
repugnant,adj.〈正式〉讨厌的,1.0,5.0
abject,adj.卑鄙的；不幸的；厚颜无耻的；最可怜的,0.0,0.0
flair,n.天赋；天资；天分；才华,0.0,1.0
interweave,v.交织；交错编织,3.0,4.0
impregnable,adj.坚不可摧的；牢不可破的；不可战胜的；难以改变的,0.0,4.0
discipline,n.纪律；训练；自制力；风纪v.训练；管教；惩罚；处罚,3.0,1.0
obstruct,v.阻碍；阻塞；阻挡；遮断,0.0,2.0
cryptic,adj.含义隐晦的；晦涩难懂的,0.0,0.0
senescence,n.衰老；老年化,0.0,1.0
advent,n.到来；（基督教）降临节,0.0,0.0
conciliation,n.调解；安抚；妥协；说服,0.0,1.0
waggish,adj.诙谐的；打趣的,0.0,1.0
blatant,adj.明目张胆的；公然的,1.0,4.0
muckraking,n.探听揭发丑闻；揭发黑幕,0.0,4.0
painstaking,adj.需细心的；辛苦的；需专注的n.苦干,5.0,0.0
dyspeptic,adj.消化不良的；患消化不良的；脾气坏的；暴躁的n.消化不良的人,0.0,5.0
inculcate,v.反复灌输；谆谆教诲,0.0,1.0
pertain,v.存在；适用,0.0,1.0
rancor,n.深仇；怨恨,0.0,0.0
pulverize,v.粉碎；将…磨成粉；彻底击败（或战胜）；摧毁,0.0,2.0
abstemious,adj.饮食有度的；有节制的,0.0,3.0
monograph,n.专著；专论；专题文章,2.0,2.0
vicarious,adj.间接感受到的,0.0,1.0
prioritize,v.给…排出优先级；优先处理,7.0,0.0
profiteer,n.(尤指战时的)奸商；(生活必需品的)投机商人v.取得不正当的利益,0.0,0.0
rowdy,adj.吵闹的；惹是生非的；捣乱的n.凶暴的人；无赖；〈美俚〉钱,0.0,1.0
decimate,v.大量毁灭；严重破坏；大大削弱,10.0,5.0
evangelist,n.（基督教）布道者；圣史（写作《圣经》中四福音的人）,0.0,1.0
solemn,adj.冷峻的；表情严肃的；庄严的；严正的,1.0,0.0
choleric,adj.易怒的；暴躁的；动辄发怒的,0.0,2.0
extrovert,n.性格外向者；活泼自信的人v.使成外向性格；变成外向性格adj.外向性的,0.0,8.0
populism,n.平民政治；民粹主义；民意论,2.0,0.0
isolationism,n.孤立主义,1.0,1.0
surmise,n.〈正式〉推测；臆测；揣度；猜度v.〈正式〉猜测；估计；认为,0.0,2.0
copious,adj.大量的；充裕的；丰富的,0.0,2.0
egotist,n.自大者,0.0,0.0
municipality,n.自治市；（市下的）自治区；市（或区）政当局,6.0,2.0
recommence,v.重新开始；再次开始,0.0,1.0
exhort,v.规劝；敦促；告诫,0.0,3.0
crinkle,n.褶痕；皱纹v.（尤指皮肤、布料或纸张）变皱,0.0,6.0
decrepitude,n.衰老；老朽；破旧,0.0,2.0
abscond,v.逃走；逃遁；（携款）潜逃,0.0,0.0
sangfroid,n.镇定；沉着,0.0,2.0
quibble,v.发牢骚；斤斤计较；吹毛求疵n.牢骚,0.0,2.0
fringe,n.外围；刘海儿；流苏；额前短垂发adj.边缘的；附加的v.形成…的边缘,24.0,1.0
limn,v.描画；勾划；描写；生动地叙述,0.0,0.0
derail,v.（使）脱轨,0.0,2.0
debase,v.降低…的价值；败坏…的名誉,0.0,7.0
existential,adj.关于人类存在的；与人类存在有关的；（关于）存在主义的,0.0,0.0
flatter,v.奉承；讨好；向…谄媚；自命不凡n.【机】平面锤；拉扁钢丝模；敲平的人adj.“flat”的比较级adv.“flat”的比较级,1.0,0.0
picky,adj.挑剔的；吹毛求疵的；过分讲究的,0.0,1.0
utopia,n.乌托邦；空想的完美境界,1.0,0.0
smug,adj.沾沾自喜的；自鸣得意的n.沾沾自喜的人；书呆子,3.0,12.0
tyro,n.新手；初学者；生手,0.0,1.0
covet,v.觊觎；渴望；妄想(别人东西),0.0,0.0
dilemma,n.（进退两难的）窘境,0.0,0.0
visionary,n.空想家；有远见的人；有智慧的人；幻想者adj.有远见的；空想的；不切实际的；有想象力的,3.0,1.0
confute,v.驳倒；驳斥,0.0,1.0
foolproof,adj.使用简便的；完全可靠的；万无一失的,1.0,2.0
iterate,v.迭代（数学或计算过程，或一系列指令）,0.0,0.0
riotous,adj.骚乱的；暴乱的；狂欢的；纵情欢闹的,0.0,2.0
impressionistic,adj.给人以大致印象的；不精确的；凭印象的,1.0,4.0
terse,adj.简要的；简短生硬的,0.0,6.0
enchant,v.使着迷；使陶醉；使着魔；对…施魔法（或念咒语）,7.0,1.0
sanitize,v.去除…中使人不快的内容；净化；（用化学制剂）消毒,0.0,3.0
baroque,n.巴罗克建筑型式；巴罗克艺术风格；新奇作品；奇怪的样式adj.巴罗克风格的（17 至 18 世纪早期流行于欧洲，气势雄伟、装饰华丽的特色反映在建筑、绘画和音乐等艺术上）,0.0,0.0
solipsistic,adj. 唯我论;唯我可知论；,5.0,4.0
linger,v.徘徊；逗留；流连；磨蹭,0.0,6.0
predate,v.早于；先于…建成（或形成、发生等）,1.0,5.0
totem,n.（尤指美洲土著的）图腾；图腾形象,4.0,1.0
imbue,v.灌输,0.0,1.0
invoke,v.调用；激活；援引；提及,0.0,4.0
stalemate,n.僵局；相持；逼和；天子可动v.使相持；使…僵持；拖；使停顿,0.0,2.0
sinuous,adj.弯曲有致的；蜿蜒的,0.0,2.0
monopolize,v.垄断；独占；包办；占去（某人的大部分注意力或时间）,0.0,2.0
finite,adj.有限的；有限制的；限定的n.有限(性)；〈集合词〉有限物,0.0,0.0
backwater,n.回水；与世隔绝的地区；落后地区v.倒划；〈美口〉放弃原来的立场；食言,0.0,1.0
patronize,v.屈尊俯就地对待；摆出高人一等的派头；经常光顾；赞助,0.0,1.0
plebeian,n.平民；下层人；庶民adj.平民的；百姓的；下层社会的；粗俗的,0.0,0.0
vandalism,n.故意毁坏(公共)财产的行为,0.0,0.0
foible,n.弱点,0.0,1.0
sterile,adj.不能生育的；不育的；无菌的；消过毒的,0.0,3.0
upsurge,v.高涨；增长n.急剧上升；飙升；猛增,0.0,2.0
commemorate,v.（用…）纪念；作为…的纪念,0.0,1.0
plaintive,adj.（声音）悲伤的,0.0,3.0
monumental,adj.重要的；意义深远的；不朽的；非常大（或好、坏、蠢等）的,0.0,0.0
migratory,adj.迁移的；迁徙的；移栖的,0.0,2.0
resonate,v.产生共鸣；发出回响；回荡；（使）回响,0.0,0.0
pretext,n.借口；托辞v.借口,0.0,0.0
intercept,n.拦截；【数】截距；侦听v.拦截；拦阻；截住,1.0,0.0
penurious,adj.贫穷的；穷困的；赤贫的,1.0,4.0
figurative,adj.比喻的；形象的,0.0,2.0
befuddled,adj.迷糊的；糊涂的,0.0,2.0
remorse,n.懊悔；非常遗憾；自责,0.0,2.0
awe,n.敬畏；畏惧；惊叹；惊惧v.〈正式〉使敬畏；使惊奇,13.0,2.0
squander,n.浪费v.浪费,0.0,7.0
flammable,adj.易燃的；可燃的,1.0,3.0
somber,adj. 忧郁的；昏暗的；严峻的；阴天的,7.0,5.0
artless,adj.天真的；直率的；缺乏艺术性的；拙劣的,2.0,1.0
schematic,adj.略图的；简表的；严谨的；有章法的n.简图,0.0,3.0
holistic,adj.整体的；全面的；功能整体性的,0.0,2.0
stave,v.延缓；给(桶)装板；给…换桶板；拆去…的桶板n.五线谱；棍；棒；木柱,1.0,1.0
abeyance,n.中止；未定；【法律】(所有权等的)未定；暂时无效,0.0,1.0
hale,adj.(尤指老人)强壮的n.黑尔(斯)v.强拉,0.0,1.0
hysteria,n.癔症；歇斯底里；情绪失控；大肆鼓吹,2.0,0.0
apropos,prep.关于adj.适当的；恰好adv.顺便说一说；恰好,0.0,0.0
brandish,"n.(刀,剑等的)挥舞v.激动地挥舞（尤指武器）",0.0,2.0
ransack,v.洗劫；（为找东西）把…翻腾得乱七八糟,0.0,4.0
stall,n.摊位；牲畜棚；马厩；牛棚v.停顿；抛锚；故意拖延（以赢得时间）；拖住（以赢得时间做某事）,1.0,0.0
concoct,v.调制；虚构,0.0,3.0
disclosure,n.公开；揭露；透露；透露的秘闻,10.0,9.0
immolate,v.烧死,0.0,4.0
agglomeration,n.聚集；堆,0.0,1.0
coercive,adj.用武力的；强制的；胁迫的,0.0,4.0
syntactic,adj.句法的,0.0,2.0
magisterial,adj.权威的；威严的；傲慢的；睿智的,0.0,1.0
nettle,v.使烦恼；使生气n.荨麻,0.0,2.0
calibrate,v.校准,7.0,4.0
vanguard,n.先锋；前卫；尖兵；先头部队,3.0,1.0
politic,adj.谨慎的；得当的；明智的,3.0,0.0
wayward,adj.难以控制的；任性的；倔强的,0.0,1.0
skit,n.幽默讽刺小品（常用模仿手法）,1.0,1.0
backhand,n.【体】(网球等)反手击球；【体】(棒球)反手接球v.【体】反手接球或击球；以拳背击人；用反手击adv.以反手,0.0,2.0
fetus,n.胎儿,0.0,0.0
contrite,adj.深感懊悔的；痛悔的,0.0,3.0
foolhardy,adj.莽撞的；有勇无谋的,0.0,0.0
immoderate,adj.极端的；不适度的；不合理的；过度的,1.0,0.0
hypostatize,v.【哲】把…视为实存；使实体化；把个人的存在归于…；使人格化,0.0,1.0
testament,n.证据；证明,2.0,3.0
bourgeoisie,n.中产阶级；(马克思主义用语)资产阶级,4.0,0.0
bland,adj.平淡的；乏味的；清淡的；无滋味的,0.0,1.0
testimony,n.证词；证言；证据；证明,1.0,0.0
exude,v.流露；流出；（感觉或品质）显现；散发出（气味）,0.0,0.0
schism,n.分裂；宗派活动；（尤指）教会分裂,0.0,3.0
tussle,n.扭打v.扭打,0.0,2.0
untangle,v.解开；整理；理清,0.0,0.0
ample,adj.足够的；丰裕的；丰满的；硕大的,1.0,1.0
insuperable,adj.无法克服的；不可逾越的,0.0,1.0
impute,v.把…归咎于；把…归因于；把…转嫁于,0.0,6.0
encrusted,v.镶嵌；在…上包硬的外层；结壳；以珠宝装饰adj.硬壳覆盖的；形成硬外层的,0.0,2.0
unsullied,adj.未被玷污的；保持洁净的；纯洁的,0.0,0.0
dutiable,adj.(货物)应缴税的；(输入品)应课关税的,0.0,0.0
begrudge,v.嫉妒；对（某人所享有的）感到不满；勉强做；不乐意地做（或付出）,0.0,0.0
fluke,n.侥幸；偶然；意外v.侥幸做成；意外受挫,0.0,14.0
clog,v.堵塞；阻塞；妨碍；影响n.木底鞋；木屐；坠子；木鞋,0.0,1.0
peevish,adj.爱生气的；易怒的；脾气坏的,0.0,4.0
onset,n.发生,0.0,3.0
inception,n.（机构、组织等的）开端,2.0,0.0
draconian,adj.德拉古式的；严酷的；残忍的,0.0,2.0
discomfit,v.使困惑；使窘迫；使尴尬,0.0,1.0
plummet,v.暴跌；速降n.测锤(钓丝的)坠子；线锤；铅锤线；锤规,0.0,1.0
trickster,n.骗子,0.0,2.0
rapprochement,n.友好关系的恢复；和解,0.0,2.0
belittle,v.贬低；小看,0.0,1.0
consort,n.（统治者的）配偶；一组（古乐器）；（演奏几世纪前音乐的）一组乐师v.厮混；鬼混,0.0,0.0
infuriate,v.激怒；使极为生气；使大怒adj.狂怒的,0.0,8.0
demeanor,n.态度,0.0,1.0
sever,v.割断；断绝；切开；切下,0.0,1.0
saturate,v.浸透；使湿透；使充满；使饱和adj.〈诗〉浸透的；饱和的,2.0,2.0
beset,v.困扰；威胁,0.0,1.0
revere,v.尊敬；崇敬n.里维尔；同“revers”,0.0,2.0
arouse,v.激发；唤醒；激起；激起性欲,0.0,0.0
anecdote,n.趣闻；逸事；传闻,0.0,3.0
jockey,v.耍各种手腕获取；运用手段谋取n.（尤指职业的）赛马骑师,0.0,7.0
scrap,n.小块（纸、布匹等）；丝毫；一丁点；残羹剩饭v.废弃；取消；抛弃；报废,0.0,4.0
hitch,n.故障；障碍；暂时的困难（或问题）；（某种）结v.搭便车；免费搭车；拉起（衣服）；攀上,0.0,8.0
pigeonhole,v.将（某人）轻率分类；主观划分（某人）为；搁置；将…束之高阁n.信件格；开口文件格,0.0,2.0
fealty,n.（尤指对君主的）效忠宣誓,0.0,0.0
bog,n.沼泽（地区）；〔英口〕户外厕所；浴室v.(使)沉入泥中；停滞不前；受到阻碍,1.0,2.0
constituent,n.成分；构成要素；（选区的）选民adj.组成的；构成的,2.0,0.0
majestic,adj.宏伟(的)；威严(的)；从容大方；不可一世,5.0,0.0
warp,n.经纱v.弯曲；使（行为等）不合情理；使乖戾,1.0,0.0
requite,v.回报,6.0,7.0
fiasco,n.惨败；可耻的失败；尴尬的结局,0.0,1.0
maneuver,n.演习；谨慎或熟练的动作；花招v.巧妙地移动；用计得到,0.0,2.0
overrule,v.（以权力）否定,0.0,0.0
bootless,adj.无用的,11.0,2.0
scaremonger,n.散布恐怖消息的人；制造恐慌的人；危言耸听的人,0.0,1.0
pupate,v.化蛹,20.0,3.0
fiat,n.命令v.认可；以命令宣布abbr.〈外(=Fabbrica Italiana Automobile Torine)飞雅特汽车公司,2.0,2.0
hearken,v.倾听；聆听,0.0,4.0
winsome,adj.讨人喜欢的；惹人喜爱的；楚楚动人的,1.0,3.0
hector,n.赫克托耳；虚张声势的人v.吓唬；威吓；欺负；(向…)虚张声势,0.0,1.0
staunch,adj.忠实的；坚定的v.止住（血等的）流出,0.0,0.0
revolt,v.反抗；叛逆；违抗；使惊骇n.叛乱；起义；违抗,2.0,2.0
forfeit,n.罚金；没收物adj.被罚；被没收v.（因犯错）丧失,0.0,1.0
dapper,adj.矮小利落的；衣冠楚楚的,0.0,0.0
sophomoric,adj.〈美〉二年级学生(气派)的；幼稚而自大的,20.0,25.0
snub,v.冷落；怠慢；拒不出席；拒不接受n.冷落；怠慢的言辞（或行为）adj.短平而上翘的,1.0,4.0
asceticism,n.苦行,0.0,3.0
offish,adj.〈口〉不亲热的；刚愎的,0.0,4.0
venom,n.恶毒；怨恨；恶意；（毒蛇、蜘蛛等分泌的）毒液v.放毒,0.0,0.0
preliminary,adv.预先adj.预备性的；初步的；开始的n.初步行动（或活动）；预备性措施,0.0,2.0
execrate,v.咒骂；憎恶,0.0,0.0
interlocutor,n.参加谈话者；对话者；（代表他人的）中间对话者,1.0,2.0
shriek,v.尖叫；尖声说n.尖叫,0.0,2.0
wither,v.凋谢；萎缩；消失,0.0,2.0
scour,n.洗涤剂；洗去；磨擦；疏浚v.（彻底地）搜寻；（用粗糙的物体）擦净；冲刷成；冲刷出,2.0,1.0
debut,v.初次登台n.处女秀adj.首张的,0.0,1.0
grimy,adj.沾满污垢的；满是灰尘的,0.0,0.0
roil,v.搅浑；搅乱；惹怒；动荡,1.0,8.0
bail,n.保释；【法律】保释金；保释人；(篷帐的)半圆形支撑箍托v.担保；舀；从(船中)戽出水；【法律】准许保释,0.0,1.0
sham,n.伪装；假象；假情假义；伪善v.假装；冒充adj.虚假的；假装的,0.0,6.0
suffocate,v.（使）窒息而死；（把…）闷死；让人感觉闷热；憋气,0.0,2.0
patchwork,n.（不同图案杂色布块的）拼缝物；拼布工艺；拼凑之物,0.0,1.0
foment,v.激起,0.0,0.0
winnow,v.风选（以去掉谷壳）,3.0,6.0
testy,adj.易怒的；暴躁的,0.0,1.0
ruminative,adj.沉思的；冥思苦想的,0.0,0.0
elate,adj.〈古〉同“elated”v.使得意,0.0,1.0
wizen,adj.枯萎的,0.0,0.0
ecstatic,adj.狂喜的；热情极高的,0.0,2.0
genesis,n.起源；开端；创始,0.0,1.0
gossamer,n.蛛丝；薄纱；精细织物adj.薄弱的；幻影似的,0.0,3.0
belated,adj.迟来的；晚出现的,1.0,6.0
divest,v.使（某人）脱去（衣服）；处理掉；丢弃；使解除,0.0,1.0
distill,v.蒸馏；用蒸馏法提取；蒸馏出 (off； out)；提取…的精华,4.0,2.0
reckless,adj.鲁莽的；不计后果的；无所顾忌的,52.0,18.0
discharge,v.履行；释放；排出；流出n.出院；执行；退伍；排出（物）,0.0,0.0
momentum,n.动量；势头；动力；推进力,0.0,0.0
detour,v.绕道n.弯路；绕行道,0.0,2.0
unruly,adj.难以控制（或管理）的；难以驾驭的,0.0,1.0
curt,adj.简短而失礼的；唐突无礼的n.【男名】男子名,1.0,0.0
puritan,adj.清教徒的；清教主义的；禁欲的；苦行的n.禁欲者；苦行者；清教徒（属于 16 和 17 世纪的英国教会）,0.0,0.0
aghast,adj.惊恐；惊骇,0.0,10.0
beatify,v.为（逝者）行宣福礼,0.0,2.0
doleful,adj.忧郁的；悲伤的,0.0,1.0
scattershot,adj.扩散很广的；一般的,0.0,3.0
cloying,v.使过饱；(因享乐等过度而)使(人)腻烦；吃腻；玩腻adj.甜得发腻的；使人腻烦的；（感情过于外露而）令人腻烦的,0.0,1.0
gall,n.怨恨；鲁莽；厚颜无耻；怨愤v.使愤怒（尤指因不公平引起）,0.0,7.0
dissident,adj.持不同意见的(人)n.持不同政见者,0.0,0.0
retort,n.反驳；曲颈甑；曲颈瓶；蒸馏器v.（生气或幽默地）反驳,0.0,1.0
reprove,v.责备；指责；非难,0.0,2.0
ingest,v.食入；摄入；咽下,0.0,1.0
wily,adj.狡猾的；诡计多端的；爱捉弄人的,0.0,3.0
crass,adj.愚蠢而无同情心的,0.0,7.0
indict,v.起诉；控告,0.0,1.0
sojourn,n.逗留；旅居；暂住v.逗留,0.0,1.0
lobby,n.门厅；休息室；接待室；(表决时分别投票的)投票厅v.〔美国〕(在会议室中)运动议员；运动通过议案；暗中运动；游说,2.0,1.0
junket,v.旅游；用公费旅行；设宴请客；设宴招待n.（政府官员的）公费旅游,1.0,2.0
appropriation,n.挪用；占用；盗用；擅自调用,1.0,5.0
retrieve,v.找回；取回；挽回；索回n.恢复,1.0,1.0
omen,n.预兆；征兆；前兆v.预告,3.0,4.0
inextricable,adj.无法分开的；分不开的,0.0,8.0
bombshell,n.意外消息（常指不幸）；金发美女,0.0,2.0
abysmal,adj.极坏的；糟透的,0.0,2.0
behemoth,adj.巨大的n.超级公司（或机构）,9.0,5.0
parlous,adj.恶劣的；动荡的；危险的adv.非常地；…得吓人,0.0,3.0
burnish,v.磨光n.光泽；光滑,0.0,2.0
assimilate,v.吸收；消化；透彻理解；（使）同化,0.0,1.0
sprawl,n.蔓延；（城市）杂乱无序拓展的地区；随意扩展；蔓延物v.蔓延；伸开四肢坐（或躺）；杂乱无序地拓展,3.0,0.0
recompense,n.报酬；赔偿；补偿v.给…以补偿；赔偿,1.0,7.0
bureaucracy,n.官僚主义；官僚作风；官僚体制；实行官僚体制的国家,4.0,0.0
fustian,adj.粗斜纹布制的；浮夸的；无价值的n.纬起绒布（旧时用作衣料）；浮夸的言语,0.0,2.0
garland,n.花环；花冠；环状花饰v.用花环装饰；给…饰以花环（或戴上花冠）,0.0,1.0
persnickety,adj.过于讲究的；挑肥拣瘦的；爱小题大做的；认真对待的,0.0,2.0
inundate,v.淹没；使不胜负荷；使应接不暇；泛滥,0.0,0.0
incumbent,n.在职者；现任者adj.在职的；现任的；有责任；必须履行,1.0,2.0
cognizant,adj.认识；有管辖权的,0.0,0.0
avocation,n.业余爱好,0.0,4.0
genre,n.类型,0.0,0.0
veer,v.改变；突然变向；猛然转向；偏离n.方向的改变,0.0,0.0
emollient,adj.使平静的；使缓和的；润肤的；护肤的n.润肤剂；润肤霜,0.0,1.0
desertion,n.遗弃；脱党；逃走；荒废,0.0,2.0
commotion,n.骚动,0.0,2.0
swindle,n.诈骗；骗取v.诈骗；骗取,0.0,0.0
clairvoyant,n.千里眼；视力超人的人；明察秋毫的人adj.视力超人的；有洞察力的,1.0,1.0
literal,adj.字面意义的；完全按原文的；缺乏想象力的n.【印】错排,1.0,0.0
stopgap,n.权宜之计；临时替代的东西,0.0,2.0
halcyon,n.【动】翠鸟；传说中的太平鸟adj.平安幸福的,0.0,3.0
odd,adj.奇怪的；怪异的；反常的；（某方面）怪异的n.【高】让转弱的对手从打球进一个洞的击球次数中减去一次击球,1.0,2.0
sanity,n.理智；明智；精神健全；神志正常,0.0,0.0
seductive,adj.诱人的；迷人的；有魅力的；性感的,1.0,2.0
militate,v.发生影响；战斗,0.0,4.0
vain,adj.徒劳的；枉然的；无结果的；自负的,8.0,3.0
puffery,n.吹嘘；吹捧的广告,0.0,1.0
rejuvenate,v.使年轻；使更有活力,4.0,0.0
sublime,"adj.崇高的；壮丽的；宏伟的；令人赞叹的n.崇高的事物；壮丽的景象；绝妙的东西v.【化】(使)升华；(使)变得高尚[纯化,理想化]",0.0,2.0
rally,v.召集；集合；复原；恢复健康n.群众大会（尤指支持某信念或政党）；拉力赛车；（争夺一分的）多拍,1.0,0.0
boom,n.繁荣；吊杆；（某种体育运动、音乐等）突然风靡的时期；帆桁v.激增；繁荣昌盛；轰鸣；轰响adj.〈美〉猛涨起来的,6.0,0.0
nihilist,n.虚无主义者,0.0,6.0
flaunt,v.炫耀；夸耀；夸示；卖弄n.夸耀；招摇；招展,0.0,7.0
inchoate,adj.初期的；雏形的；不成熟的,0.0,2.0
jargon,n.行话；术语；俗语；时髦话,1.0,1.0
bleak,adj.不乐观的；无望的；暗淡的；阴冷的n.【鱼】(淡水产)银鲤,0.0,7.0
cordial,adj.热情友好的；和蔼可亲的n.（不含酒精、加水饮用的）甜果汁饮料；一杯甜果汁饮料,1.0,4.0
scramble,n.争夺；争抢；爬；抢占v.争夺；争抢；（迅速而吃力地）爬；抢占,0.0,0.0
cramp,n.抽筋；痛性痉挛；（腹部）绞痛adj.难懂的；受拘束的；狭窄的v.阻止（发展或进步）,0.0,3.0
gadfly,n.（为使别人做某事而对其进行骚扰或批评的）讨人厌者,1.0,4.0
poseur,n.爱表现的人,0.0,3.0
headstrong,adj.固执的；倔强任性的,1.0,2.0
compilation,n.编写；编纂；选编；选辑,3.0,1.0
defraud,v.诈取（…的钱财）,0.0,2.0
toil,v.跋涉；（长时间）苦干；艰难缓慢地移动n.苦工；劳累的工作,0.0,6.0
appendage,n.附加物；附属物,1.0,8.0
aerate,v.使（土壤、水等）透气；充气于（液体）,0.0,2.0
reprisal,n.报复；报复行动,0.0,3.0
rabid,adj.极端的；疯狂的；激烈的；患狂犬病的,0.0,1.0
fictitious,adj.虚构的；虚假的,0.0,2.0
quandary,n.困惑；进退两难；困窘,0.0,1.0
beleaguer,v.围困；使烦恼,0.0,0.0
flimsy,adj.劣质的；不结实的；薄而易损坏的；不足信的n.薄纸；(新闻记者用的)薄纸原稿；电报；〈俚〉钞票,0.0,5.0
cliquish,adj.有派系成见的；小集团的,0.0,3.0
seethe,v.翻腾；强压怒火；生闷气；遍布,0.0,2.0
detritus,n.碎石；碎屑；风化物；残渣,0.0,2.0
delve,v.钻研；掘n.坑；凹地；井；沟槽,0.0,0.0
demography,n.人口学；人口统计；人口统计学,4.0,0.0
influx,n.（人、资金或事物的）涌入,1.0,1.0
coarse,adj.粗糙的；粗织的；粗的；大颗粒的,8.0,5.0
peregrination,n.（尤指漫长而缓慢的）旅程,0.0,4.0
craving,n.渴望；热望；强烈的愿望v.“crave”的现在分词,0.0,2.0
relic,n.遗迹；遗物；遗风；遗俗,0.0,0.0
exogenous,adj.外源性的,0.0,3.0
aplomb,n.沉着；镇定；泰然自若,0.0,0.0
conscientious,adj.勤勉认真的；一丝不苟的,0.0,1.0
jaundiced,adj.（尤指因以前的经历）有偏见的；患黄疸病的v.“jaundice”的过去式,0.0,5.0
panorama,n.全景；综合研究；全景画卷,1.0,1.0
pauper,n.乞丐；穷人；贫民,0.0,3.0
slog,v.埋头苦干；坚持不懈地做；顽强地走；奋力前行n.一段时间的艰苦工作（或努力）,0.0,0.0
deficit,n.赤字；逆差；亏损；不足额,0.0,0.0
succor,n.救援；援助者；〈美〉同“succour”；〈古〉援军v.救济,0.0,3.0
reify,v.【哲】使(抽象的概念)具体化,0.0,1.0
naysayer,n.反对者；老爱唱反调的人,0.0,4.0
laughingstock,n.笑柄,2.0,2.0
camaraderie,n.友情；同志间的情谊,1.0,2.0
offhand,adv.未经核实地；不假思索地；即席地adj.漫不经心的；不在乎的,0.0,0.0
charlatan,n.骗子；假充内行的人adj.假充内行的,0.0,1.0
lucubration,n.(在灯下)刻苦钻研；苦思冥想；苦心孤诣之作；〈谑〉学究气的作品,0.0,0.0
disclaim,v.公开否认；拒绝承认；放弃（财产、头衔等的）权利,0.0,1.0
panic,adj.恐慌的；(恐慌心理)没来由的；过度的；牧人之神的n.惊恐；恐慌；人心惶惶的局面；惶恐不安v.惊慌失措,4.0,0.0
offshoot,n.分支；（尤指）分支机构；蘗枝；分枝,1.0,4.0
condign,adj.适当的；应得的,0.0,0.0
overdraw,v.透支,0.0,8.0
recollection,n.回忆；记忆；记忆力；往事,0.0,1.0
multifaceted,adj.多方面的；要从多方面考虑的,0.0,0.0
cosset,v.宠爱；溺爱n.宠物(小羊),1.0,1.0
eviscerate,v.切除内脏；切除…的内部器官,1.0,22.0
emendation,n.校订；校订的内容；修改的意见,0.0,2.0
preachy,adj.说教的；劝诫的,1.0,1.0
falter,v.蹒跚；畏缩；衰弱；衰退n.结巴；踌躇；不稳；摇晃,0.0,12.0
emulsify,v.（使）乳化,0.0,2.0
rebut,v.反驳；驳斥；证明（言论等）错误,0.0,2.0
postulate,n.假设；基本原理；〈正式〉先决条件；前提v.假设；〈正式〉假定；提出要求；〈罕〉【法】辩护,0.0,2.0
sapiential,adj.有智慧的；使人增长智慧的,0.0,2.0
saccharine,adj.情感过分强烈而显夸张的；故作多情的n.糖精,0.0,10.0
epic,n.史诗；叙事诗；史诗般的电影（或书）；壮举adj.具有史诗性质的；史诗般的；漫长而艰难的；艰苦卓绝的,0.0,1.0
piecemeal,adj.逐渐做成（或发生）的；零敲碎打的；零散的adv.一件一件n.断片,0.0,2.0
acquaintance,n.熟人；泛泛之交；认识的人；（与某人）认识,2.0,0.0
disentangle,v.理顺；使解脱；使脱出；使摆脱,0.0,2.0
harangue,n.(对公众集会作的)长篇大论的演说；高谈阔论；冗长的说教文章；叱责v.(向…)作长篇大论的演说；(向…)高谈阔论,0.0,2.0
unrelenting,adj.持续的；不缓和的；势头不减的；不留情的,0.0,4.0
pawn,v.典当；质押n.卒；被利用的人；走卒,1.0,1.0
appall,v.使胆寒,0.0,1.0
preside,v.主持（会议、仪式等）；担任（会议）主席,0.0,0.0
denude,v.剥光；使裸露；使光秃,1.0,6.0
teem,v.倾注；倾泻,0.0,0.0
disequilibrium,n.不平衡；失衡,0.0,1.0
aspersion,n.中伤；【天主】洒圣水,1.0,16.0
maelstrom,n.大旋涡；（思想、感情、事态的）混乱,0.0,2.0
gargantuan,adj.巨大的；庞大的,0.0,3.0
confide,v.（向某人）吐露（秘密、隐私等）,0.0,5.0
abortive,adj.流产的；【药】打胎的；【生】发育不全的；【医】使病程中断的,4.0,1.0
coax,vt.哄骗；劝诱；诱骗 n.同轴电缆,0.0,0.0
scourge,v. 折磨；鞭打； n. 灾祸；鞭子；苦难的根源,0.0,2.0
agitate,v.搅动；鼓动；激怒；使不安,1.0,1.0
defray,v.支付,0.0,1.0
jest,v.开玩笑；说笑话n.笑话；玩笑；俏皮话；打趣,7.0,0.0
refrain,v.避免；克制；节制n.副歌；经常重复的评价（或抱怨）；迭歌；迭句,0.0,2.0
zealot,n.狂热者,0.0,0.0
vagary,n.狂妄古怪的行为；怪想；变幻莫测,0.0,1.0
envisage,v.设想；想象；展望,0.0,3.0
lax,adj.不严格的；不严厉的；马虎的；松弛的n.【动】(挪威、瑞典的)鲑；泻肚,0.0,0.0
kindred,n.亲属；亲属关系；血缘关系adj.类似的；相似的；相关的；有血缘关系的,0.0,0.0
proposition,n.命题；建议；主张；观点v.求欢,0.0,2.0
fulsome,adj.过分恭维的；谄媚的；感谢过头的,0.0,2.0
leaven,n.发酵剂；面肥v.使更令人愉快,0.0,3.0
overlay,v.覆盖；铺；包；镀n.涂层；套图透明膜；上衬；覆盖物,1.0,0.0
arduous,adj.艰苦的；艰难的,0.0,0.0
proffer,n.贡献；提议；提供物v.端着（给…）；递上；提供（建议、解释等）,0.0,7.0
gear,n.齿轮；装置；挡；传动装置v.适合；把齿轮装上(机器等)；开动(机器等)；给…装上马具,0.0,0.0
traumatic,adj.痛苦的；极不愉快的；创伤的；外伤的n.外伤药,0.0,6.0
concomitant,n.同时发生的事；伴随（或相伴）的事物adj.相伴的,0.0,4.0
precept,n.（思想、行为的）准则,0.0,2.0
remonstrate,v.抗议；抱怨；埋怨,0.0,5.0
impasse,n.僵局；绝境,0.0,2.0
snooper,n.探听者；装有雷达的飞机,0.0,1.0
hallucination,n.幻觉；幻视（或幻听）到的东西；幻象,0.0,0.0
plasticity,n.可塑性；粘性；适应性；土壤可塑性,0.0,2.0
goad,n.激励；（赶牛等牲畜用的）尖头棒v.（不断地）招惹,0.0,2.0
grouse,n.松鸡；松鸡肉；怨言；牢骚v.抱怨；发牢骚,0.0,5.0
proofread,v.校对；校阅；勘校,0.0,2.0
idle,v.无所事事；空转；混时间；闲荡adj.懈怠的；懒惰的；闲置的；没有工作的,2.0,3.0
interrogate,v.讯问；审问；询问；盘问,0.0,0.0
carouse,n.聚饮；大喝大闹v.痛饮狂欢；狂饮作乐,0.0,4.0
retinue,n.随行人员；扈从,0.0,4.0
hoodwink,v.欺诈,0.0,0.0
pandemonium,n.骚动；群情沸腾,16.0,13.0
vainglorious,adj.自负的；自命不凡的；自吹自擂的,0.0,2.0
odious,adj.令人作呕的；令人讨厌的；可憎的,2.0,8.0
grouchy,adj.脾气不好并常发牢骚的；好抱怨的,0.0,6.0
ancestry,n.祖先；列祖列宗,0.0,0.0
pallid,adj.（尤指因病）苍白的；暗淡的；微弱的；乏味的,0.0,6.0
jaunty,adj.得意扬扬的；无忧无虑的；神气活现的；轻松活泼的n.运输船纠察长,0.0,5.0
astray,adv.迷路；堕落adj.迷途的,0.0,6.0
juxtapose,v.把…并列,0.0,1.0
coddle,v.娇惯；娇养；溺爱；（在略低于沸点的水里）煮（蛋）n.〈口〉娇生惯养的人,0.0,2.0
resuscitate,v.使苏醒；使恢复知觉,0.0,2.0
embryonic,adj.胚胎期的；萌芽期的；未成熟的；胚的,0.0,3.0
craven,adj.胆小的；胆怯的；怯懦的n.懦夫,1.0,0.0
pry,n.窥探；窥视；撬具；杆子v.打听,3.0,0.0
pitfail,n. 危险；隐患；陷阱；,0.0,0.0
smother,v.闷死；捂死；（用某物）厚厚地覆盖；抑制n.制止；窒息物；窒息状态；浓雾,0.0,1.0
barren,n.不毛之地adj.贫瘠的；不毛的；不结果实的；不育的,1.0,3.0
rapturous,adj.兴高采烈的；狂喜的；热烈的,0.0,2.0
prognosis,n.预后；预测；预言；展望,0.0,1.0
minutiae,n.细节,0.0,0.0
unreserved,adj.未被预订的；非保留的；完全的；彻底的,1.0,0.0
infiltrate,v.渗透；渗入；潜入n.渗入物,0.0,2.0
penance,n.补赎；悔罪；修和圣事；苦差事v.使苦行赎罪；处罚,0.0,0.0
daredevil,adj.鲁莽大胆的；胆大的n.胆大的人；冒失鬼,0.0,0.0
clement,n.克莱门特；【男名】男子名adj.温和的；温暖的；（对受惩罚的人）仁慈的,0.0,4.0
chastise,v.批评；指责；责备；体罚,1.0,3.0
imbibe,v.吸收；喝,0.0,1.0
cagey,adj.守口如瓶的；讳莫如深的,0.0,3.0
luminary,n.专家；权威；有影响的人物,0.0,2.0
debilitate,v.使身心衰弱；使衰竭；使虚弱；削弱（国家、机构等）的力量,0.0,0.0
dolorous,adj.悲痛的；悲哀的,0.0,2.0
oust,v.剥夺；罢免；革职,0.0,1.0
sophisticated,adj.见多识广的；老练的；见过世面的；复杂巧妙的,3.0,0.0
tumultuous,adj.嘈杂的；喧嚣的；热烈的；欢腾的,0.0,2.0
amend,v.修正,0.0,1.0
slur,n.诽谤；诋毁；污辱；连奏线v.含混不清地说话（通常因醉酒或疲劳）；连奏；连唱；诽谤,0.0,1.0
subjugate,v.征服；制伏；使屈服；使服从,0.0,4.0
quaff,v.豪饮；痛饮；开怀畅饮n.痛饮；一饮而尽的酒,0.0,6.0
mien,n.样子；外表；风度,0.0,1.0
dewy,adj.露水打湿的；带露水的,0.0,0.0
serene,"v.宁静；〈诗〉使(海,脸色等)平静；使(天空)明朗adj.平静的；宁静的；安详的n.平静(的海)；〈诗,古〉晴朗(天空)",0.0,0.0
openhanded,adj.慷慨的,2.0,2.0
backslide,v.倒退；故态复萌；退步；堕落,0.0,3.0
elongate,v.拉长；(使)延长；引出adj.延长的；细长的,0.0,1.0
polestar,na.【天】北极星；指导人；指导原理；有吸引力的中心,0.0,0.0
wearisome,adj.乏味的；令人疲劳的；使人厌倦的,0.0,3.0
sanctimonious,adj.装作圣洁的；伪善的；道貌岸然的,0.0,3.0
sedulous,adj.勤勉的；孜孜不倦的；勤奋的,0.0,1.0
cacophonous,adj.粗腔横调的,5.0,7.0
reconcile,v.调和；使和谐一致；使配合；使和解,0.0,6.0
immortality,n.不朽；永生；不灭,1.0,1.0
sensual,adj.感官的；肉欲的；愉悦感官的；喜欢感官享受的,2.0,5.0
upstart,n.自命不凡的新上任者；狂妄自大的新手v.(使)突然跳起[出]；(使)暴发adj.突然出现[显赫]的,0.0,0.0
megalomaniacal,adj.妄自尊大的；患夸大狂的n.妄自尊大的人；患夸大狂的人,0.0,0.0
misinform,v.误报；误传,15.0,2.0
fuzzy,adj.覆有绒毛的；毛茸茸的；紧鬈的；拳曲的,3.0,1.0
germ,n.胚芽；细菌；病菌；胚胎v.萌芽；发生,0.0,1.0
pundit,n.专家；评论员,0.0,2.0
univocal,adj.一意的；不含糊的,0.0,2.0
pantheon,n.（一国或一个民族信仰的）众神；名流；万神庙；先贤祠,5.0,5.0
parley,v.谈判n.会谈,0.0,0.0
debacle,n.崩溃；大败；垮台；灾祸,0.0,5.0
unruffled,adj.平静的；镇定的；沉着的,0.0,1.0
unidimensional,adj.一度的；线性的,0.0,1.0
prickly,adj.多刺的；引起刺痛的；扎疼的；刺痒的,0.0,2.0
attest,v.证实；是…的证据；作证,5.0,1.0
decadence,n.颓废；堕落；贪图享乐,0.0,1.0
knotty,adj.复杂的；难以解决的；棘手的；有节的,0.0,8.0
illicit,adj.非法的；违法的；违背社会常规的；不正当的,0.0,2.0
trope,n.转义词语；比喻词语,0.0,1.0
tally,n.记录；积分表；账v.吻合；（说法、数字等）与…符合（或一致）,0.0,3.0
rivet,n.铆钉v.铆接；吸引住；（用铆钉）固定,0.0,3.0
intermingle,v.使（人、思想、色彩等）混合,1.0,8.0
pledge,n.保证；抵押；诺言；抵押品v.抵押；保证给予（或做）；正式承诺；使保证,3.0,3.0
feint,v.佯攻；装作；骗；虚晃n.假象；(诱骗敌方的)佯攻；牵制运动；伪装adj.虚假的；淡淡的,0.0,4.0
probe,n.探究；传感器；探测仪；详尽调查v.探究；追问；盘问；（用细长工具）探查,1.0,0.0
bluestocking,n.才女；卖弄知识的女性,2.0,1.0
shackle,v.束缚；给（某人）戴镣铐；阻挠；成为…的羁绊n.桎梏；脚镣；手铐；束缚(物),0.0,9.0
intact,adj.完整；完好无损,0.0,3.0
communal,adj.（尤指居住在一起的人）共享的；（集体中）不同群体的,0.0,1.0
grandeur,n.壮丽；伟大；宏伟；高贵,6.0,10.0
reclaim,n.开垦；改造；取回；矫正v.开垦；感化；取回；拿回,0.0,1.0
lyrical,adj.抒情的,1.0,1.0
vouchsafe,v.赐予,0.0,0.0
meander,n.弯曲；漫谈；曲曲折折的路；闲聊v.蜿蜒而行；迂回曲折；漫步；闲逛,0.0,3.0
strife,n.冲突；争斗；倾轧；麻烦,0.0,2.0
adjudicate,v.评判；判决,0.0,1.0
underutilized,adj.未充分加以利用的,1.0,0.0
patrician,n.(古罗马的)贵族；(一般的)贵族；罗马帝国的地方官adj.贵族的；上流社会的,0.0,3.0
puerile,adj.愚蠢的；幼稚的；孩子气的,0.0,3.0
proactive,adj.积极主动的；主动出击的；先发制人的,0.0,1.0
retaliate,v.报复；反击；复仇,0.0,0.0
pathos,n.感染力；令人产生悲悯共鸣的力量,1.0,1.0
hail,n.冰雹；雹子；【气】雹；像雹子般落下的东西v.招呼；〈正式〉喊；捧；歌颂int.万岁,0.0,6.0
aggrieved,adj.愤愤不平的；感到受委屈的；受害的,2.0,0.0
pastoral,"n.田园诗[曲,剧,画,雕刻]；牧师写给教区居民的公开信；田园景色adj.牧灵的；田园的；乡村生活的；村野风情的",0.0,5.0
beget,v.引发；成为…之父；导致,0.0,0.0
malicious,adj.怀有恶意的；恶毒的,3.0,0.0
ethos,n.（某团体或社会的）道德思想,0.0,3.0
expatiate,v.细说；漫游,0.0,2.0
rosy,adj.粉红色的；红润的；美好的；乐观的n.【女名】女子名,0.0,1.0
upshot,n.最后结果；结局,0.0,0.0
pseudonym,n.笔名；假名；化名,0.0,2.0
muddle,n.混乱；糊涂；困惑；茫然v.混淆；弄乱；搅混；使困惑,0.0,3.0
traverse,v.穿过；横过；横越；横渡n.横过；可横越的地方adj.横断的,3.0,3.0
commodious,adj.宽敞的,0.0,4.0
bohemian,adj.放浪的；波希米亚的；波希米亚语的；漂泊的n.行为举止不拘泥成规者；放荡不羁的艺术家,3.0,0.0
quackery,n.江湖医术；庸医行径,0.0,2.0
unrivaled,adj.无与伦比的；无敌的,0.0,0.0
audible,adj.听得见的,1.0,1.0
kinfolk,n.亲属,0.0,2.0
unbounded,adj.（似）无限的；无尽的；无穷的,0.0,0.0
defuse,v.平息；缓和；拆除（炸弹）的引信,2.0,0.0
maxim,n.格言；箴言；座右铭,1.0,0.0
indemnify,v.赔偿；保证赔偿；补偿,0.0,0.0
spearhead,n.先锋；前锋；先头部队v.做…的先锋；带头做；领先突击,1.0,1.0
unleash,v.发泄；突然释放；使爆发,0.0,1.0
clannish,adj.小集团的；宗派的；排他的,0.0,2.0
atrocious,adj.糟透的；十分讨厌的；残暴的；残忍的,0.0,1.0
grumble,v.发牢骚；咕哝；嘟囔；咕隆n.嘟囔；牢骚；咕隆声；隆隆声,0.0,1.0
antediluvian,adj.早已过时的；十分老式的n.大洪水以前的人；时代落伍者,0.0,0.0
pest,n.害虫；害兽；害鸟；讨厌的人（或物）,0.0,0.0
stellar,adj.星的；恒星的；优秀的；精彩的,2.0,1.0
entrance,n.进入；出场；通道；大门（口）v.使狂喜；使入迷,1.0,3.0
veracity,n.真实性；诚实,0.0,10.0
vernacular,n.方言；土语；（建筑的）民间风格adj.(语言等)本乡的；口语的；地方(特有)的；用地方语(土话)写的,0.0,2.0
idyll,n.田园诗；（尤指乡下的）愉快恬静的地方（或事情、经历）,0.0,1.0
frugal,adj.（对金钱、食物等）节约的；简单廉价的,0.0,4.0
equable,adj.宁静的；平和的；不易恼怒的；稳定的,0.0,4.0
elephantine,adj.庞大的；笨重的；似大象的,1.0,3.0
partition,n.划分；隔墙；部分；【逻】(把一个类别)分成部分v.分割；(用隔板等)隔开,2.0,1.0
addendum,n.（尤指书籍的）补遗,0.0,0.0
expostulate,v.争论；争执；抗议,1.0,2.0
compendium,n.（尤指书中某题材事实、图画及照片的）汇编,0.0,6.0
annihilate,v.消灭；毁灭；歼灭；彻底击败,14.0,2.0
virtual,adj.几乎…的；事实上的；虚拟的,2.0,0.0
risible,adj.可笑的；滑稽的,0.0,1.0
petrify,v.使吓呆；使惊呆；（使）石化,0.0,2.0
predispose,v.使倾向于；使受…的影响；使易于患（某种病）；容易诱发,0.0,1.0
bumble,v.笨手笨脚；跌跌撞撞n.〈英〉骄横的小官吏,1.0,2.0
pushover,n.轻易的事；容易获得的胜利；容易说服的人；耳软心活的人,4.0,3.0
extinguish,v.熄灭；扑灭；消灭；毁灭,0.0,0.0
voluminous,adj.肥大的；宽松的；用布料多的；浩繁的,0.0,1.0
circuitous,adj.迂回的；绕道的；曲折的,0.0,0.0
antedate,v.把…上的日期填早(若干时间)；把…说早；使提前；先于n.比实际早些的日期,4.0,5.0
quash,v.宣布（法庭的裁决）无效；撤销（判决）；制止；阻止,0.0,0.0
outsource,v.外包；交外办理；外购,1.0,2.0
steep,"n.陡坡；泡；悬崖；浸渍液v.泡；使专心一意；(雾,烟,光等)笼罩(山野,树木等)adj.陡的；陡峭的；突然的；急剧的",0.0,4.0
arable,adj.耕作的；可耕的n.(可)耕地,0.0,0.0
pulchritudinous,adj.〈正式〉美貌的,0.0,1.0
industrious,adj.勤奋的；勤劳的；忙碌的,0.0,0.0
ameliorate,v.改进；改善；改良,0.0,1.0
comportment,n.行为；举止；表现,0.0,5.0
blindside,v.攻其不备；出其不意地袭击；使遭受意外的打击,1.0,6.0
stun,n.震惊；晕眩；〈美〉胡桃v.使昏迷；（尤指）打昏；使震惊（或惊愕、目瞪口呆）,0.0,0.0
wilt,v.蔫；变得委靡不振；发蔫；变得又累又乏auxv.〈古〉will 的第二人称单数n.(棉花)枯萎病,0.0,2.0
stomach,n.胃；腹部v.欣赏；欣然接受；喜欢和…相处；能吃,5.0,0.0
jeremiad,n.哀诉；诉求清单,0.0,0.0
soothe,v.抚慰；安慰；减轻；劝慰,0.0,2.0
turbid,adj.浑浊的；污浊不清的,0.0,1.0
juggernaut,n.重型卡车；不可抗拒的强大力量；无法控制的强大机构,0.0,3.0
immanent,adj.内在的；固有的；无所不在的,0.0,1.0
consummate,v.（初次）行房；通过性交使（婚姻或两人的关系）圆满；使完整；使完美adj.技艺高超的；完美的,0.0,2.0
foreordain,v.预先注定,0.0,3.0
vacillate,v.观点（或立场等）摇摆；动摇,0.0,2.0
insurgent,n.起义者；叛乱者；造反者adj.起义的；(波涛)汹涌澎湃的,0.0,7.0
supersede,v.取代,2.0,3.0
riposte,n.机敏的回答；巧妙的反驳；反应；回应v.敏捷回刺；机敏迅速的应对[回答],0.0,4.0
omnivorous,adj.杂食的；（尤指）动植物都吃的；兴趣广泛的,0.0,1.0
rage,n.狂怒；暴怒；（某情况引起的）愤怒v.发怒；怒斥；猛烈地继续；激烈进行,1.0,10.0
rein,n.控制；缰绳；（幼儿佩带以防走失的）保护带；主宰v.控制；箝制；抑制(情欲等)；给(马)套上缰绳,1.0,4.0
guzzle,v.狂饮,0.0,12.0
quarry,"n.菱形[方形]玻璃[石,瓦等]；知识的泉源v.(从)(书等中)苦心找出(证据等)；苦心寻找(记录等)；挖掘",1.0,1.0
ruddy,adj.红润健康的；红色的；可恶的adv.该死v.(使)变红,0.0,0.0
ferocity,n.凶猛；残暴；凶恶,0.0,1.0
fiery,adj.火一般的；火的；暴躁的；易怒的,0.0,2.0
travail,n.艰辛；艰苦劳动；煎熬；痛苦v.辛苦工作；发生[感到]阵痛,0.0,1.0
verge,v.濒临；向…倾斜；倾向n.（路边的）小草地,1.0,0.0
underpin,v.巩固；加固（墙）基,4.0,2.0
hideous,adj.十分丑陋的；令人厌恶的,0.0,6.0
rout,n.溃败；彻底失败v.彻底击败；使溃败,120.0,10.0
douse,v.浇灭（火）；熄（灯）；往…上泼水；把…浸在液体里n.泡；倾注；〈英方〉一击,0.0,2.0
wastrel,n.花花公子；浪荡子；二流子,0.0,2.0
oversee,v.监督；监视,3.0,3.0
forge,v.锻造；制定；锻炼；(坚定地)勉力前进n.锻压；锻造厂；(思想等的)锻炼；铁工厂,2.0,0.0
scalable,adj.可攀登的；可秤的；可剥去鳞片的,2.0,0.0
freeloader,n.白吃白占的人；寄生虫；爱占便宜的人,2.0,2.0
hallmark,n.特点；特征v.给…打金银纯度印记,0.0,1.0
duplication,n.复制；重复；重叠；复制品,0.0,3.0
cajole,v.哄骗；劝诱；诱骗,0.0,1.0
monstrous,adj.畸形的；恶毒的,5.0,2.0
cantankerous,adj.脾气坏且抱怨不休的,0.0,1.0
roisterer,n.摆架子的人,0.0,1.0
fissure,"n.裂缝；裂隙；(思想,观点等的)分歧；【解剖学】裂纹v.(使)裂开；龟裂；破裂",0.0,2.0
hoax,n.骗局；恶作剧v.作弄；欺骗,1.0,2.0
assessment,n.评价；评定；判定；看法,1.0,2.0
gaffe,n.失礼；失态；失言,0.0,1.0
subside,v.沉降；消退；平息；减退,0.0,2.0
valorize,v.(政府)以给予各种补助的形式稳定[维持](商品)价格,1.0,5.0
tamper,"n.夯；(爆破孔)填塞人；捣固者；(中子)反射器v.干扰；窜改(遗嘱,稿件等)；贿赂",1.0,0.0
retract,v.撤回；缩回；撤销；拉回,0.0,0.0
resplendent,adj.辉煌的；灿烂的；华丽的,1.0,2.0
preternatural,adj.不寻常的；超自然的；难以解释的,0.0,2.0
avant-garde,adj.先锋派的；先锋的n.（艺术、音乐或文学方面的）前卫派思想；前卫派（艺术家等）,0.0,1.0
genealogy,n.家谱学；系谱学；宗谱学；家谱（图）,0.0,0.0
lambent,adj.(火焰等)在燃烧中；(眼睛等)微亮的；发柔光的；(诙谐等)巧妙的,0.0,1.0
backfire,n.回火；(故意引燃以阻止野火蔓延的)迎火；(摩托车的)放气声v.回火；产生事与愿违的不良（或危险）后果；逆火,1.0,0.0
fatalism,n.宿命论,1.0,1.0
wile,n.奸计；欺骗v.消磨(时间),0.0,2.0
veil,n.面罩；掩饰；掩盖；（修女的）头巾v.掩饰；戴面纱；戴面罩；遮掩,4.0,1.0
brash,n.【医】胃灼热；阵雨；(岩石等的)碎片；碎冰块adj.盛气凌人的；自以为是的；耀眼的；嘈杂的,1.0,5.0
assay,v.试验；化验；企图；经验明含有n.含量测定,1.0,2.0
overeager,adj.过于热切的,0.0,1.0
expatriate,v.移居国外；把…逐出国外；放弃国籍n.侨民；居住在国外的人adj.被逐出国外的,0.0,1.0
hearsay,n.传闻adj.风闻的,37.0,2.0
protagonist,n.主角；（比赛、斗争中的）主要人物；（政策、运动的）倡导者,0.0,8.0
ferment,n.酶；激动；热情；巨浪v.(使)发酵；(使)激动；孕育,0.0,3.0
digest,n.摘要；文摘；概要；汇编v.消化；领会；领悟；理解,0.0,0.0
woo,v.求爱；争取…的支持；寻求…的赞同；追求（异性）,5.0,1.0
tempestuous,adj.激烈的；狂暴的；骚动的；狂风暴雨的,0.0,3.0
stake,n.股份；桩；赌注；火刑柱v.拿…冒险；用桩支撑,2.0,1.0
carp,n.鲤鱼 v.吹毛求疵；抱怨；唠叨,0.0,1.0
spiteful,adj.恶意的；居心不良的；故意使人苦恼的,0.0,1.0
skullduggery,n.〈美口〉欺骗；卑鄙的行为,0.0,0.0
dovish,adj.温和派的；鸽派的,0.0,1.0
plenitude,n.大量；充裕；众多,0.0,6.0
counterfeit,v.假冒；摹仿；装出…的样子；活象n.冒牌货；伪品；伪币；伪作adj.仿造的；虚伪的,0.0,1.0
perch,n.高位；(鸟的) 栖木；〈非正式〉高处；(位于高位的)休息处v.坐；(鸟)栖息；停歇；(某人)歇息,0.0,3.0
flummery,n.废话；（尤指）无聊（或虚假）的恭维话,0.0,1.0
infringe,v.侵犯；违背,2.0,0.0
intersect,v.相交；交叉；横穿；贯穿,0.0,0.0
parody,n.滑稽模仿作品（文章、音乐作品或表演等的滑稽模仿）；拙劣的模仿v.滑稽地模仿；夸张地演绎,0.0,10.0
meld,v.结合,1.0,4.0
indubitable,adj.不容置疑的,0.0,0.0
liminal,adj.【心】阈限的,1.0,3.0
relegate,v.使贬职；使降级；降低…的地位；使（运动队，尤指足球队）降级,0.0,5.0
concur,v.同意；赞同,0.0,2.0
replenish,v.补充；重新装满,4.0,1.0
rile,v.惹恼；激怒,0.0,3.0
surrealism,n.超现实主义,34.0,4.0
reshuffle,v.改组；进行岗位调整；更改职责配置n.〈比喻〉(政府等的)改组；重新配置；(牌的)重洗,1.0,0.0
